timestamp,x_min,y_min,x_max,y_max,confidence,class
2025-03-29 14:20:41,459,320,527,359,0.73,2
2025-03-29 14:20:41,489,278,543,324,0.54,2
2025-03-29 14:20:41,373,332,441,357,0.47,2
2025-03-29 14:20:41,225,306,285,357,0.43,2
2025-03-29 14:20:41,537,322,616,359,0.28,2
2025-03-29 14:20:41,459,320,527,359,0.73,2
2025-03-29 14:20:41,489,278,543,324,0.54,2
2025-03-29 14:20:41,373,332,441,357,0.47,2
2025-03-29 14:20:41,225,306,285,357,0.43,2
2025-03-29 14:20:41,537,322,616,359,0.28,2
2025-03-29 14:20:41,458,320,526,359,0.75,2
2025-03-29 14:20:41,488,278,542,325,0.62,2
2025-03-29 14:20:41,373,332,441,357,0.46,2
2025-03-29 14:20:41,224,306,285,357,0.37,2
2025-03-29 14:20:41,457,319,526,359,0.74,2
2025-03-29 14:20:41,488,278,541,325,0.59,2
2025-03-29 14:20:41,373,332,441,357,0.46,2
2025-03-29 14:20:41,224,307,285,358,0.42,2
2025-03-29 14:20:41,536,322,614,359,0.29,2
2025-03-29 14:20:41,457,319,525,359,0.73,2
2025-03-29 14:20:41,488,278,541,325,0.58,2
2025-03-29 14:20:41,373,332,440,358,0.48,2
2025-03-29 14:20:41,224,308,284,358,0.38,2
2025-03-29 14:20:41,536,322,612,359,0.29,2
2025-03-29 14:20:41,456,319,525,359,0.74,2
2025-03-29 14:20:41,487,277,540,325,0.55,2
2025-03-29 14:20:41,373,332,440,358,0.47,2
2025-03-29 14:20:41,224,308,284,358,0.31,2
2025-03-29 14:20:41,536,322,611,359,0.25,2
2025-03-29 14:20:41,456,319,525,359,0.74,2
2025-03-29 14:20:41,487,277,540,325,0.59,2
2025-03-29 14:20:41,372,332,440,358,0.44,2
2025-03-29 14:20:41,224,310,283,358,0.29,2
2025-03-29 14:20:41,535,322,610,359,0.26,2
2025-03-29 14:20:41,454,319,525,359,0.74,2
2025-03-29 14:20:41,486,277,539,325,0.58,2
2025-03-29 14:20:41,372,332,439,358,0.46,2
2025-03-29 14:20:41,224,310,282,359,0.33,2
2025-03-29 14:20:42,454,319,524,359,0.73,2
2025-03-29 14:20:42,485,278,539,325,0.59,2
2025-03-29 14:20:42,373,332,439,358,0.44,2
2025-03-29 14:20:42,224,310,282,358,0.36,2
2025-03-29 14:20:42,453,319,523,359,0.73,2
2025-03-29 14:20:42,485,277,538,325,0.61,2
2025-03-29 14:20:42,373,332,439,358,0.48,2
2025-03-29 14:20:42,224,310,282,359,0.43,2
2025-03-29 14:20:42,454,319,523,359,0.72,2
2025-03-29 14:20:42,484,277,537,325,0.63,2
2025-03-29 14:20:42,373,332,438,358,0.48,2
2025-03-29 14:20:42,224,310,281,359,0.41,2
2025-03-29 14:20:42,533,322,607,359,0.28,2
2025-03-29 14:20:42,454,319,522,359,0.72,2
2025-03-29 14:20:42,483,277,537,325,0.6,2
2025-03-29 14:20:42,372,332,438,358,0.51,2
2025-03-29 14:20:42,224,310,281,359,0.37,2
2025-03-29 14:20:42,532,322,605,359,0.28,2
2025-03-29 14:20:42,452,319,521,359,0.71,2
2025-03-29 14:20:42,483,277,536,325,0.56,2
2025-03-29 14:20:42,373,332,437,357,0.52,2
2025-03-29 14:20:42,224,310,282,359,0.42,2
2025-03-29 14:20:42,529,322,608,358,0.25,2
2025-03-29 14:20:42,451,319,520,359,0.72,2
2025-03-29 14:20:42,482,277,536,324,0.55,2
2025-03-29 14:20:42,373,332,437,357,0.51,2
2025-03-29 14:20:42,224,311,282,359,0.42,2
2025-03-29 14:20:42,529,322,606,358,0.3,2
2025-03-29 14:20:42,451,319,520,359,0.7,2
2025-03-29 14:20:42,482,278,534,324,0.55,2
2025-03-29 14:20:42,372,332,436,357,0.45,2
2025-03-29 14:20:42,224,311,282,359,0.36,2
2025-03-29 14:20:42,530,321,604,358,0.31,2
2025-03-29 14:20:42,450,318,519,359,0.7,2
2025-03-29 14:20:42,482,278,534,324,0.48,2
2025-03-29 14:20:42,373,332,435,357,0.46,2
2025-03-29 14:20:42,224,311,281,359,0.36,2
2025-03-29 14:20:42,528,321,604,358,0.34,2
2025-03-29 14:20:42,449,318,518,359,0.71,2
2025-03-29 14:20:42,481,277,533,324,0.49,2
2025-03-29 14:20:42,373,332,434,357,0.45,2
2025-03-29 14:20:42,528,321,604,359,0.44,2
2025-03-29 14:20:42,223,312,282,359,0.38,2
2025-03-29 14:20:42,450,318,517,359,0.75,2
2025-03-29 14:20:42,481,277,533,324,0.58,2
2025-03-29 14:20:42,373,332,433,357,0.46,2
2025-03-29 14:20:42,528,321,603,359,0.43,2
2025-03-29 14:20:42,223,312,283,359,0.33,2
2025-03-29 14:20:42,449,318,516,359,0.76,2
2025-03-29 14:20:42,480,276,532,324,0.61,2
2025-03-29 14:20:42,529,320,601,359,0.51,2
2025-03-29 14:20:42,370,332,433,358,0.47,2
2025-03-29 14:20:42,223,313,284,359,0.34,2
2025-03-29 14:20:42,449,318,515,359,0.77,2
2025-03-29 14:20:42,480,276,531,324,0.56,2
2025-03-29 14:20:42,529,320,600,359,0.48,2
2025-03-29 14:20:42,369,332,433,358,0.45,2
2025-03-29 14:20:42,223,313,286,359,0.36,2
2025-03-29 14:20:42,449,318,513,359,0.78,2
2025-03-29 14:20:42,479,276,531,324,0.52,2
2025-03-29 14:20:42,369,332,433,357,0.46,2
2025-03-29 14:20:42,528,320,599,359,0.44,2
2025-03-29 14:20:42,223,313,285,359,0.41,2
2025-03-29 14:20:42,448,318,512,359,0.8,2
2025-03-29 14:20:42,479,276,530,323,0.59,2
2025-03-29 14:20:42,528,321,598,359,0.53,2
2025-03-29 14:20:42,368,332,432,357,0.5,2
2025-03-29 14:20:42,223,313,283,359,0.44,2
2025-03-29 14:20:42,447,318,512,359,0.8,2
2025-03-29 14:20:42,478,276,529,323,0.56,2
2025-03-29 14:20:42,527,320,596,359,0.54,2
2025-03-29 14:20:42,368,332,432,357,0.52,2
2025-03-29 14:20:42,223,313,282,359,0.39,2
2025-03-29 14:20:42,447,318,511,359,0.8,2
2025-03-29 14:20:42,526,320,595,359,0.55,2
2025-03-29 14:20:42,368,332,432,357,0.53,2
2025-03-29 14:20:42,476,275,528,323,0.53,2
2025-03-29 14:20:42,223,313,283,359,0.5,2
2025-03-29 14:20:42,446,318,511,359,0.81,2
2025-03-29 14:20:42,368,332,432,357,0.55,2
2025-03-29 14:20:42,526,320,594,359,0.52,2
2025-03-29 14:20:42,477,276,527,322,0.51,2
2025-03-29 14:20:42,223,313,284,359,0.48,2
2025-03-29 14:20:42,446,318,511,359,0.81,2
2025-03-29 14:20:42,368,332,432,357,0.53,2
2025-03-29 14:20:42,525,320,592,359,0.53,2
2025-03-29 14:20:42,476,276,527,322,0.48,2
2025-03-29 14:20:42,222,314,284,359,0.44,2
2025-03-29 14:20:42,446,318,510,359,0.81,2
2025-03-29 14:20:42,369,332,431,357,0.53,2
2025-03-29 14:20:42,525,320,592,359,0.48,2
2025-03-29 14:20:42,222,314,285,359,0.47,2
2025-03-29 14:20:42,476,277,527,322,0.44,2
2025-03-29 14:20:42,445,318,510,359,0.82,2
2025-03-29 14:20:42,524,320,591,359,0.53,2
2025-03-29 14:20:42,368,332,431,358,0.52,2
2025-03-29 14:20:42,222,314,286,359,0.47,2
2025-03-29 14:20:42,475,278,526,322,0.42,2
2025-03-29 14:20:42,445,317,509,359,0.82,2
2025-03-29 14:20:42,523,320,590,359,0.54,2
2025-03-29 14:20:42,368,332,431,358,0.52,2
2025-03-29 14:20:42,222,315,285,359,0.43,2
2025-03-29 14:20:42,475,277,526,322,0.36,2
2025-03-29 14:20:42,444,317,509,359,0.82,2
2025-03-29 14:20:42,523,319,589,359,0.61,2
2025-03-29 14:20:42,368,332,431,358,0.52,2
2025-03-29 14:20:42,222,315,286,359,0.43,2
2025-03-29 14:20:42,474,277,525,322,0.42,2
2025-03-29 14:20:42,444,317,508,359,0.82,2
2025-03-29 14:20:42,522,318,589,359,0.59,2
2025-03-29 14:20:42,369,332,430,358,0.5,2
2025-03-29 14:20:42,474,277,524,322,0.47,2
2025-03-29 14:20:42,222,315,286,359,0.43,2
2025-03-29 14:20:42,443,317,508,359,0.81,2
2025-03-29 14:20:42,520,318,590,359,0.54,2
2025-03-29 14:20:42,369,332,430,358,0.49,2
2025-03-29 14:20:42,473,277,524,322,0.47,2
2025-03-29 14:20:42,222,315,285,359,0.39,2
2025-03-29 14:20:42,443,317,507,359,0.81,2
2025-03-29 14:20:42,519,319,589,358,0.56,2
2025-03-29 14:20:42,368,332,430,358,0.52,2
2025-03-29 14:20:42,473,277,523,322,0.48,2
2025-03-29 14:20:42,222,315,284,359,0.38,2
2025-03-29 14:20:42,441,317,508,359,0.81,2
2025-03-29 14:20:42,472,276,523,322,0.55,2
2025-03-29 14:20:42,519,318,588,359,0.5,2
2025-03-29 14:20:42,368,332,429,358,0.49,2
2025-03-29 14:20:42,222,315,285,359,0.32,2
2025-03-29 14:20:42,441,317,507,359,0.81,2
2025-03-29 14:20:42,471,276,522,322,0.5,2
2025-03-29 14:20:42,368,332,429,358,0.48,2
2025-03-29 14:20:42,520,318,586,359,0.46,2
2025-03-29 14:20:42,222,316,285,359,0.29,2
2025-03-29 14:20:42,441,317,507,359,0.81,2
2025-03-29 14:20:42,471,276,522,321,0.52,2
2025-03-29 14:20:42,367,332,429,358,0.48,2
2025-03-29 14:20:42,520,318,585,358,0.45,2
2025-03-29 14:20:42,222,316,285,359,0.27,2
2025-03-29 14:20:42,441,317,507,359,0.81,2
2025-03-29 14:20:42,471,275,521,322,0.56,2
2025-03-29 14:20:42,367,332,429,358,0.49,2
2025-03-29 14:20:42,519,318,584,358,0.42,2
2025-03-29 14:20:42,222,316,285,359,0.27,2
2025-03-29 14:20:42,441,317,506,359,0.81,2
2025-03-29 14:20:42,471,275,521,321,0.57,2
2025-03-29 14:20:42,367,332,429,358,0.48,2
2025-03-29 14:20:42,518,317,585,358,0.43,2
2025-03-29 14:20:42,440,317,506,359,0.8,2
2025-03-29 14:20:42,470,275,520,321,0.59,2
2025-03-29 14:20:42,367,332,429,358,0.49,2
2025-03-29 14:20:42,517,317,585,358,0.39,2
2025-03-29 14:20:42,440,317,505,359,0.8,2
2025-03-29 14:20:42,470,275,520,321,0.59,2
2025-03-29 14:20:42,366,332,429,357,0.48,2
2025-03-29 14:20:42,517,316,583,358,0.43,2
2025-03-29 14:20:42,441,317,504,359,0.79,2
2025-03-29 14:20:42,365,332,429,357,0.47,2
2025-03-29 14:20:42,470,275,520,320,0.47,2
2025-03-29 14:20:42,516,316,583,358,0.42,2
2025-03-29 14:20:42,441,316,504,359,0.8,2
2025-03-29 14:20:42,468,275,519,320,0.57,2
2025-03-29 14:20:42,365,331,428,357,0.47,2
2025-03-29 14:20:42,516,315,582,358,0.44,2
2025-03-29 14:20:42,440,316,504,359,0.81,2
2025-03-29 14:20:42,468,275,518,320,0.62,2
2025-03-29 14:20:42,516,315,581,358,0.49,2
2025-03-29 14:20:42,367,331,427,357,0.48,2
2025-03-29 14:20:42,440,316,503,359,0.81,2
2025-03-29 14:20:42,467,275,518,319,0.61,2
2025-03-29 14:20:42,366,331,427,357,0.51,2
2025-03-29 14:20:42,515,315,580,358,0.47,2
2025-03-29 14:20:42,440,316,502,359,0.82,2
2025-03-29 14:20:42,467,275,517,319,0.64,2
2025-03-29 14:20:42,366,331,427,357,0.51,2
2025-03-29 14:20:42,515,314,580,358,0.48,2
2025-03-29 14:20:42,440,316,501,359,0.82,2
2025-03-29 14:20:42,467,275,517,318,0.6,2
2025-03-29 14:20:42,514,314,579,358,0.49,2
2025-03-29 14:20:42,366,331,428,357,0.48,2
2025-03-29 14:20:42,440,316,500,359,0.82,2
2025-03-29 14:20:42,467,275,516,318,0.63,2
2025-03-29 14:20:42,513,314,577,358,0.53,2
2025-03-29 14:20:42,365,331,427,357,0.52,2
2025-03-29 14:20:42,439,315,499,358,0.81,2
2025-03-29 14:20:42,513,313,576,358,0.58,2
2025-03-29 14:20:42,466,274,516,317,0.57,2
2025-03-29 14:20:42,366,331,427,357,0.54,2
2025-03-29 14:20:42,222,320,281,359,0.29,2
2025-03-29 14:20:42,439,315,499,359,0.82,2
2025-03-29 14:20:42,513,313,576,358,0.64,2
2025-03-29 14:20:42,466,274,516,317,0.6,2
2025-03-29 14:20:42,365,332,426,357,0.53,2
2025-03-29 14:20:42,222,320,281,359,0.26,2
2025-03-29 14:20:42,439,315,499,359,0.82,2
2025-03-29 14:20:42,512,312,575,358,0.63,2
2025-03-29 14:20:42,466,274,516,317,0.6,2
2025-03-29 14:20:42,366,331,426,357,0.56,2
2025-03-29 14:20:42,222,320,281,359,0.26,2
2025-03-29 14:20:42,439,315,499,359,0.85,2
2025-03-29 14:20:42,512,311,574,358,0.62,2
2025-03-29 14:20:42,465,274,515,317,0.6,2
2025-03-29 14:20:42,364,331,426,357,0.58,2
2025-03-29 14:20:42,439,314,499,359,0.87,2
2025-03-29 14:20:42,464,270,513,316,0.62,2
2025-03-29 14:20:42,363,331,426,357,0.6,2
2025-03-29 14:20:42,511,311,574,358,0.58,2
2025-03-29 14:20:42,438,314,498,359,0.87,2
2025-03-29 14:20:42,464,267,513,316,0.64,2
2025-03-29 14:20:42,363,331,426,357,0.61,2
2025-03-29 14:20:42,510,310,574,358,0.54,2
2025-03-29 14:20:42,438,314,498,359,0.86,2
2025-03-29 14:20:42,463,266,513,316,0.65,2
2025-03-29 14:20:42,363,330,425,357,0.62,2
2025-03-29 14:20:42,510,310,573,358,0.51,2
2025-03-29 14:20:42,438,313,497,359,0.85,2
2025-03-29 14:20:42,463,263,512,315,0.66,2
2025-03-29 14:20:42,363,330,425,357,0.63,2
2025-03-29 14:20:42,509,309,572,359,0.5,2
2025-03-29 14:20:42,438,313,497,359,0.85,2
2025-03-29 14:20:42,463,264,512,315,0.65,2
2025-03-29 14:20:42,363,330,425,357,0.63,2
2025-03-29 14:20:42,509,309,572,358,0.46,2
2025-03-29 14:20:42,438,313,497,359,0.85,2
2025-03-29 14:20:42,463,263,511,315,0.67,2
2025-03-29 14:20:42,362,330,425,357,0.63,2
2025-03-29 14:20:42,508,308,570,358,0.46,2
2025-03-29 14:20:42,438,313,497,359,0.85,2
2025-03-29 14:20:42,463,264,511,315,0.65,2
2025-03-29 14:20:42,363,329,424,358,0.62,2
2025-03-29 14:20:42,508,308,569,358,0.48,2
2025-03-29 14:20:42,438,312,496,359,0.85,2
2025-03-29 14:20:42,463,264,510,315,0.66,2
2025-03-29 14:20:42,363,329,424,359,0.62,2
2025-03-29 14:20:42,507,307,568,358,0.44,2
2025-03-29 14:20:42,438,312,496,359,0.85,2
2025-03-29 14:20:42,463,265,510,314,0.62,2
2025-03-29 14:20:42,363,329,424,359,0.61,2
2025-03-29 14:20:42,507,306,567,358,0.43,2
2025-03-29 14:20:42,438,312,496,359,0.86,2
2025-03-29 14:20:42,462,266,509,314,0.61,2
2025-03-29 14:20:42,363,328,424,359,0.61,2
2025-03-29 14:20:42,506,307,566,357,0.4,2
2025-03-29 14:20:42,363,328,425,360,0.29,2
2025-03-29 14:20:42,437,312,496,359,0.86,2
2025-03-29 14:20:42,462,265,509,314,0.63,2
2025-03-29 14:20:42,363,328,424,359,0.62,2
2025-03-29 14:20:42,506,306,565,357,0.39,2
2025-03-29 14:20:42,363,328,425,360,0.28,2
2025-03-29 14:20:42,437,311,495,359,0.86,2
2025-03-29 14:20:42,363,328,424,359,0.63,2
2025-03-29 14:20:42,462,264,509,314,0.62,2
2025-03-29 14:20:42,505,306,564,357,0.36,2
2025-03-29 14:20:42,363,328,425,360,0.26,2
2025-03-29 14:20:42,437,311,495,359,0.86,2
2025-03-29 14:20:42,363,328,424,358,0.61,2
2025-03-29 14:20:42,461,264,509,314,0.58,2
2025-03-29 14:20:42,505,307,564,357,0.36,2
2025-03-29 14:20:42,437,311,495,359,0.86,2
2025-03-29 14:20:42,363,327,424,358,0.64,2
2025-03-29 14:20:42,461,263,509,314,0.58,2
2025-03-29 14:20:42,504,307,563,356,0.37,2
2025-03-29 14:20:42,362,327,425,360,0.26,2
2025-03-29 14:20:42,437,310,495,359,0.85,2
2025-03-29 14:20:42,363,327,424,358,0.64,2
2025-03-29 14:20:42,461,263,508,314,0.57,2
2025-03-29 14:20:42,504,306,563,356,0.3,2
2025-03-29 14:20:42,437,310,494,359,0.84,2
2025-03-29 14:20:42,363,327,424,358,0.65,2
2025-03-29 14:20:42,461,263,508,313,0.55,2
2025-03-29 14:20:42,503,306,562,355,0.34,2
2025-03-29 14:20:42,436,310,494,359,0.85,2
2025-03-29 14:20:42,363,326,423,358,0.67,2
2025-03-29 14:20:42,461,262,508,313,0.57,2
2025-03-29 14:20:42,503,305,562,355,0.31,2
2025-03-29 14:20:42,436,309,494,359,0.86,2
2025-03-29 14:20:42,362,326,423,358,0.68,2
2025-03-29 14:20:42,460,262,507,312,0.6,2
2025-03-29 14:20:42,502,304,562,354,0.3,2
2025-03-29 14:20:42,362,326,424,360,0.26,2
2025-03-29 14:20:42,436,309,493,359,0.86,2
2025-03-29 14:20:42,362,326,422,358,0.72,2
2025-03-29 14:20:42,460,262,507,312,0.65,2
2025-03-29 14:20:42,502,303,561,353,0.37,2
2025-03-29 14:20:42,435,309,493,359,0.86,2
2025-03-29 14:20:42,362,326,422,358,0.73,2
2025-03-29 14:20:42,460,262,507,312,0.61,2
2025-03-29 14:20:42,501,303,560,353,0.39,2
2025-03-29 14:20:42,436,309,493,359,0.85,2
2025-03-29 14:20:42,362,326,422,357,0.74,2
2025-03-29 14:20:42,460,262,507,312,0.55,2
2025-03-29 14:20:42,501,302,560,352,0.41,2
2025-03-29 14:20:42,435,309,493,359,0.85,2
2025-03-29 14:20:42,363,325,422,357,0.74,2
2025-03-29 14:20:42,460,262,507,312,0.51,2
2025-03-29 14:20:42,501,302,560,351,0.33,2
2025-03-29 14:20:42,435,309,493,359,0.84,2
2025-03-29 14:20:42,362,325,422,358,0.75,2
2025-03-29 14:20:42,460,261,506,312,0.58,2
2025-03-29 14:20:42,501,302,558,350,0.26,2
2025-03-29 14:20:42,435,309,493,359,0.83,2
2025-03-29 14:20:42,362,324,422,358,0.76,2
2025-03-29 14:20:42,460,262,506,311,0.47,2
2025-03-29 14:20:42,435,309,492,359,0.84,2
2025-03-29 14:20:42,362,324,422,359,0.76,2
2025-03-29 14:20:42,460,262,506,311,0.53,2
2025-03-29 14:20:42,500,301,557,347,0.3,2
2025-03-29 14:20:42,435,309,492,359,0.84,2
2025-03-29 14:20:42,362,324,422,359,0.75,2
2025-03-29 14:20:42,460,261,506,311,0.54,2
2025-03-29 14:20:42,499,301,555,347,0.3,2
2025-03-29 14:20:42,408,282,454,320,0.26,2
2025-03-29 14:20:42,435,309,492,359,0.84,2
2025-03-29 14:20:42,361,323,421,358,0.74,2
2025-03-29 14:20:42,460,262,506,311,0.48,2
2025-03-29 14:20:42,499,301,555,346,0.27,2
2025-03-29 14:20:42,435,308,491,359,0.84,2
2025-03-29 14:20:42,361,324,421,358,0.74,2
2025-03-29 14:20:42,460,261,505,311,0.42,2
2025-03-29 14:20:42,498,300,555,346,0.32,2
2025-03-29 14:20:42,434,308,491,359,0.85,2
2025-03-29 14:20:42,361,324,421,359,0.77,2
2025-03-29 14:20:42,460,261,505,311,0.4,2
2025-03-29 14:20:42,498,299,554,346,0.33,2
2025-03-29 14:20:42,408,281,453,320,0.29,2
2025-03-29 14:20:42,434,307,491,359,0.84,2
2025-03-29 14:20:42,361,323,421,359,0.78,2
2025-03-29 14:20:42,459,260,505,310,0.39,2
2025-03-29 14:20:42,408,280,452,319,0.29,2
2025-03-29 14:20:42,434,307,491,359,0.85,2
2025-03-29 14:20:42,361,323,421,359,0.8,2
2025-03-29 14:20:42,459,260,504,310,0.39,2
2025-03-29 14:20:42,408,280,453,319,0.31,2
2025-03-29 14:20:42,498,298,552,344,0.29,2
2025-03-29 14:20:42,434,306,490,359,0.84,2
2025-03-29 14:20:42,362,323,421,359,0.82,2
2025-03-29 14:20:42,459,260,504,309,0.44,2
2025-03-29 14:20:42,497,298,551,344,0.38,2
2025-03-29 14:20:42,408,280,453,318,0.37,2
2025-03-29 14:20:42,362,323,421,359,0.85,2
2025-03-29 14:20:42,434,306,490,359,0.85,2
2025-03-29 14:20:42,458,259,504,309,0.48,2
2025-03-29 14:20:42,498,296,551,343,0.4,2
2025-03-29 14:20:42,409,279,452,317,0.31,2
2025-03-29 14:20:42,362,323,421,360,0.87,2
2025-03-29 14:20:42,434,305,490,358,0.84,2
2025-03-29 14:20:42,458,259,504,308,0.5,2
2025-03-29 14:20:42,497,295,551,342,0.39,2
2025-03-29 14:20:42,408,279,453,316,0.29,2
2025-03-29 14:20:42,363,322,422,360,0.87,2
2025-03-29 14:20:42,433,305,489,358,0.84,2
2025-03-29 14:20:42,459,259,503,308,0.46,2
2025-03-29 14:20:42,496,294,551,341,0.3,2
2025-03-29 14:20:42,408,279,453,316,0.26,2
2025-03-29 14:20:42,363,321,422,360,0.88,2
2025-03-29 14:20:42,433,304,489,358,0.84,2
2025-03-29 14:20:42,459,258,503,307,0.46,2
2025-03-29 14:20:42,495,293,550,340,0.26,2
2025-03-29 14:20:42,408,278,453,316,0.25,2
2025-03-29 14:20:42,363,320,421,360,0.88,2
2025-03-29 14:20:42,433,303,489,357,0.84,2
2025-03-29 14:20:42,458,258,503,307,0.42,2
2025-03-29 14:20:42,495,292,549,339,0.3,2
2025-03-29 14:20:42,363,320,421,360,0.9,2
2025-03-29 14:20:42,433,303,489,357,0.83,2
2025-03-29 14:20:42,459,258,503,307,0.43,2
2025-03-29 14:20:42,495,292,548,339,0.26,2
2025-03-29 14:20:42,363,320,421,359,0.91,2
2025-03-29 14:20:42,433,302,489,357,0.82,2
2025-03-29 14:20:42,458,258,502,306,0.5,2
2025-03-29 14:20:42,408,277,452,315,0.3,2
2025-03-29 14:20:42,495,292,548,337,0.29,2
2025-03-29 14:20:42,363,319,421,359,0.9,2
2025-03-29 14:20:42,433,301,489,355,0.81,2
2025-03-29 14:20:42,458,257,502,305,0.51,2
2025-03-29 14:20:42,408,278,451,314,0.32,2
2025-03-29 14:20:42,363,319,421,359,0.89,2
2025-03-29 14:20:42,433,301,489,355,0.8,2
2025-03-29 14:20:42,458,257,502,304,0.55,2
2025-03-29 14:20:42,409,277,451,313,0.26,2
2025-03-29 14:20:42,364,318,421,359,0.89,2
2025-03-29 14:20:42,433,300,489,354,0.8,2
2025-03-29 14:20:42,458,256,502,304,0.61,2
2025-03-29 14:20:42,409,277,451,313,0.29,2
2025-03-29 14:20:42,364,317,421,359,0.88,2
2025-03-29 14:20:42,433,300,488,354,0.81,2
2025-03-29 14:20:42,457,255,502,303,0.58,2
2025-03-29 14:20:42,223,316,281,359,0.28,2
2025-03-29 14:20:42,524,319,592,358,0.26,2
2025-03-29 14:20:42,363,317,421,359,0.88,2
2025-03-29 14:20:42,433,299,488,353,0.83,2
2025-03-29 14:20:42,458,254,502,302,0.6,2
2025-03-29 14:20:42,223,315,280,359,0.35,2
2025-03-29 14:20:42,364,317,421,358,0.88,2
2025-03-29 14:20:42,433,298,488,352,0.85,2
2025-03-29 14:20:42,458,254,502,301,0.54,2
2025-03-29 14:20:42,223,315,280,359,0.36,2
2025-03-29 14:20:42,273,334,335,360,0.3,2
2025-03-29 14:20:42,364,316,421,358,0.87,2
2025-03-29 14:20:42,433,297,487,351,0.83,2
2025-03-29 14:20:42,457,254,502,301,0.55,2
2025-03-29 14:20:42,522,316,590,358,0.36,2
2025-03-29 14:20:42,273,333,334,360,0.35,2
2025-03-29 14:20:42,223,315,280,359,0.34,2
2025-03-29 14:20:42,490,286,544,332,0.26,2
2025-03-29 14:20:42,365,316,421,358,0.88,2
2025-03-29 14:20:42,433,297,488,350,0.81,2
2025-03-29 14:20:42,457,253,502,300,0.55,2
2025-03-29 14:20:42,521,314,589,358,0.43,2
2025-03-29 14:20:42,223,315,280,359,0.41,2
2025-03-29 14:20:42,273,332,335,360,0.37,2
2025-03-29 14:20:42,409,274,450,310,0.25,2
2025-03-29 14:20:42,365,315,421,358,0.87,2
2025-03-29 14:20:42,432,297,487,351,0.76,2
2025-03-29 14:20:42,457,252,502,299,0.48,2
2025-03-29 14:20:42,521,314,588,358,0.42,2
2025-03-29 14:20:42,223,314,280,359,0.4,2
2025-03-29 14:20:42,274,332,335,360,0.3,2
2025-03-29 14:20:42,366,314,421,358,0.87,2
2025-03-29 14:20:42,432,295,487,349,0.78,2
2025-03-29 14:20:42,457,252,501,299,0.45,2
2025-03-29 14:20:42,521,312,588,358,0.4,2
2025-03-29 14:20:42,223,314,280,359,0.39,2
2025-03-29 14:20:42,273,332,335,360,0.32,2
2025-03-29 14:20:42,409,272,450,309,0.26,2
2025-03-29 14:20:42,366,313,421,358,0.88,2
2025-03-29 14:20:42,432,294,487,348,0.78,2
2025-03-29 14:20:42,457,252,501,299,0.48,2
2025-03-29 14:20:42,223,314,280,359,0.35,2
2025-03-29 14:20:42,520,311,588,358,0.34,2
2025-03-29 14:20:42,273,331,335,360,0.33,2
2025-03-29 14:20:42,366,312,421,358,0.89,2
2025-03-29 14:20:42,432,293,487,348,0.78,2
2025-03-29 14:20:42,457,251,501,298,0.55,2
2025-03-29 14:20:42,223,313,280,359,0.36,2
2025-03-29 14:20:42,273,331,335,360,0.36,2
2025-03-29 14:20:42,520,310,587,358,0.33,2
2025-03-29 14:20:42,366,311,421,359,0.89,2
2025-03-29 14:20:42,432,292,486,347,0.78,2
2025-03-29 14:20:42,456,251,500,297,0.38,2
2025-03-29 14:20:42,519,309,587,358,0.37,2
2025-03-29 14:20:42,274,331,335,358,0.34,2
2025-03-29 14:20:42,366,310,421,359,0.89,2
2025-03-29 14:20:42,432,292,486,347,0.77,2
2025-03-29 14:20:42,517,308,587,358,0.37,2
2025-03-29 14:20:42,456,250,500,296,0.35,2
2025-03-29 14:20:42,274,330,335,357,0.31,2
2025-03-29 14:20:42,366,310,421,359,0.89,2
2025-03-29 14:20:42,432,291,485,346,0.79,2
2025-03-29 14:20:42,456,250,500,295,0.45,2
2025-03-29 14:20:42,275,330,336,357,0.35,2
2025-03-29 14:20:42,517,307,587,358,0.29,2
2025-03-29 14:20:42,366,309,421,359,0.89,2
2025-03-29 14:20:42,432,291,485,345,0.8,2
2025-03-29 14:20:42,456,249,500,295,0.42,2
2025-03-29 14:20:42,516,306,586,358,0.36,2
2025-03-29 14:20:42,273,329,336,357,0.35,2
2025-03-29 14:20:42,366,309,421,359,0.89,2
2025-03-29 14:20:42,432,290,485,344,0.76,2
2025-03-29 14:20:42,516,306,585,358,0.44,2
2025-03-29 14:20:42,456,249,500,294,0.33,2
2025-03-29 14:20:42,273,329,336,357,0.29,2
2025-03-29 14:20:42,366,308,421,359,0.88,2
2025-03-29 14:20:42,432,289,486,344,0.67,2
2025-03-29 14:20:42,516,305,584,358,0.37,2
2025-03-29 14:20:42,274,328,336,360,0.29,2
2025-03-29 14:20:42,366,307,421,359,0.88,2
2025-03-29 14:20:42,432,289,485,343,0.71,2
2025-03-29 14:20:42,515,304,584,357,0.33,2
2025-03-29 14:20:42,273,327,336,360,0.31,2
2025-03-29 14:20:42,366,306,421,359,0.87,2
2025-03-29 14:20:42,432,288,485,342,0.71,2
2025-03-29 14:20:42,515,304,584,358,0.52,2
2025-03-29 14:20:42,273,326,336,360,0.32,2
2025-03-29 14:20:42,456,247,499,291,0.26,2
2025-03-29 14:20:42,367,305,421,359,0.86,2
2025-03-29 14:20:42,432,287,485,342,0.72,2
2025-03-29 14:20:42,514,303,583,357,0.56,2
2025-03-29 14:20:42,273,325,336,360,0.37,2
2025-03-29 14:20:42,224,308,282,360,0.3,2
2025-03-29 14:20:42,367,305,422,358,0.87,2
2025-03-29 14:20:42,432,285,485,341,0.74,2
2025-03-29 14:20:42,514,301,583,356,0.5,2
2025-03-29 14:20:42,272,325,336,360,0.38,2
2025-03-29 14:20:42,224,308,282,360,0.31,2
2025-03-29 14:20:43,368,305,422,359,0.86,2
2025-03-29 14:20:43,431,285,485,340,0.76,2
2025-03-29 14:20:43,514,300,582,356,0.51,2
2025-03-29 14:20:43,273,324,336,358,0.43,2
2025-03-29 14:20:43,224,307,282,360,0.31,2
2025-03-29 14:20:43,368,304,421,358,0.86,2
2025-03-29 14:20:43,431,284,484,340,0.76,2
2025-03-29 14:20:43,513,299,581,355,0.54,2
2025-03-29 14:20:43,273,324,336,358,0.45,2
2025-03-29 14:20:43,224,307,282,360,0.33,2
2025-03-29 14:20:43,368,302,422,358,0.86,2
2025-03-29 14:20:43,431,284,484,339,0.76,2
2025-03-29 14:20:43,273,323,337,358,0.46,2
2025-03-29 14:20:43,513,298,581,354,0.45,2
2025-03-29 14:20:43,224,306,282,359,0.28,2
2025-03-29 14:20:43,368,302,422,357,0.85,2
2025-03-29 14:20:43,431,284,483,338,0.77,2
2025-03-29 14:20:43,273,324,337,358,0.49,2
2025-03-29 14:20:43,512,297,578,354,0.31,2
2025-03-29 14:20:43,224,306,282,360,0.25,2
2025-03-29 14:20:43,368,301,422,356,0.86,2
2025-03-29 14:20:43,430,283,484,337,0.77,2
2025-03-29 14:20:43,274,323,337,358,0.56,2
2025-03-29 14:20:43,512,295,578,353,0.3,2
2025-03-29 14:20:43,224,305,282,359,0.26,2
2025-03-29 14:20:43,368,301,422,355,0.85,2
2025-03-29 14:20:43,430,283,484,336,0.7,2
2025-03-29 14:20:43,274,323,338,358,0.56,2
2025-03-29 14:20:43,512,295,577,351,0.27,2
2025-03-29 14:20:43,368,300,422,355,0.85,2
2025-03-29 14:20:43,430,282,483,335,0.69,2
2025-03-29 14:20:43,274,323,337,358,0.57,2
2025-03-29 14:20:43,511,294,577,350,0.28,2
2025-03-29 14:20:43,368,300,423,354,0.84,2
2025-03-29 14:20:43,430,282,483,334,0.68,2
2025-03-29 14:20:43,274,322,338,358,0.54,2
2025-03-29 14:20:43,225,302,283,358,0.29,2
2025-03-29 14:20:43,511,293,576,349,0.26,2
2025-03-29 14:20:43,368,300,423,354,0.86,2
2025-03-29 14:20:43,430,281,483,333,0.69,2
2025-03-29 14:20:43,275,322,338,357,0.64,2
2025-03-29 14:20:43,225,303,282,359,0.37,2
2025-03-29 14:20:43,510,293,575,348,0.3,2
2025-03-29 14:20:43,368,299,423,353,0.87,2
2025-03-29 14:20:43,430,281,483,333,0.71,2
2025-03-29 14:20:43,276,322,338,357,0.63,2
2025-03-29 14:20:43,225,302,282,359,0.42,2
2025-03-29 14:20:43,509,292,574,347,0.33,2
2025-03-29 14:20:43,368,298,423,353,0.86,2
2025-03-29 14:20:43,430,280,482,332,0.69,2
2025-03-29 14:20:43,276,321,338,357,0.62,2
2025-03-29 14:20:43,225,302,282,359,0.41,2
2025-03-29 14:20:43,369,298,423,352,0.85,2
2025-03-29 14:20:43,430,279,482,332,0.69,2
2025-03-29 14:20:43,276,320,338,357,0.57,2
2025-03-29 14:20:43,225,302,282,358,0.41,2
2025-03-29 14:20:43,370,297,424,352,0.85,2
2025-03-29 14:20:43,430,279,482,332,0.67,2
2025-03-29 14:20:43,277,320,338,357,0.55,2
2025-03-29 14:20:43,225,302,281,358,0.36,2
2025-03-29 14:20:43,370,296,424,351,0.86,2
2025-03-29 14:20:43,430,278,481,331,0.69,2
2025-03-29 14:20:43,277,320,338,357,0.58,2
2025-03-29 14:20:43,226,302,281,357,0.41,2
2025-03-29 14:20:43,370,296,424,350,0.86,2
2025-03-29 14:20:43,430,278,481,330,0.7,2
2025-03-29 14:20:43,277,319,338,357,0.58,2
2025-03-29 14:20:43,226,302,281,357,0.45,2
2025-03-29 14:20:43,370,295,424,349,0.86,2
2025-03-29 14:20:43,429,277,481,329,0.7,2
2025-03-29 14:20:43,277,318,338,357,0.57,2
2025-03-29 14:20:43,227,301,281,358,0.5,2
2025-03-29 14:20:43,370,295,424,349,0.86,2
2025-03-29 14:20:43,430,277,481,328,0.72,2
2025-03-29 14:20:43,278,318,338,357,0.59,2
2025-03-29 14:20:43,226,301,282,356,0.52,2
2025-03-29 14:20:43,371,294,425,348,0.85,2
2025-03-29 14:20:43,429,276,481,328,0.65,2
2025-03-29 14:20:43,278,317,339,357,0.59,2
2025-03-29 14:20:43,226,301,281,356,0.51,2
2025-03-29 14:20:43,485,330,510,359,0.29,3
2025-03-29 14:20:43,371,294,425,348,0.83,2
2025-03-29 14:20:43,429,276,481,328,0.63,2
2025-03-29 14:20:43,226,301,281,356,0.53,2
2025-03-29 14:20:43,278,317,339,357,0.52,2
2025-03-29 14:20:43,485,328,509,358,0.48,3
2025-03-29 14:20:43,371,294,425,348,0.83,2
2025-03-29 14:20:43,429,275,481,327,0.6,2
2025-03-29 14:20:43,279,316,339,357,0.53,2
2025-03-29 14:20:43,227,300,282,356,0.52,2
2025-03-29 14:20:43,483,329,509,359,0.3,3
2025-03-29 14:20:43,371,294,425,348,0.83,2
2025-03-29 14:20:43,429,274,481,326,0.61,2
2025-03-29 14:20:43,227,300,281,355,0.55,2
2025-03-29 14:20:43,482,327,509,359,0.54,3
2025-03-29 14:20:43,279,316,339,357,0.51,2
2025-03-29 14:20:43,371,293,426,347,0.83,2
2025-03-29 14:20:43,482,326,508,359,0.59,3
2025-03-29 14:20:43,429,274,481,326,0.58,2
2025-03-29 14:20:43,279,316,339,357,0.52,2
2025-03-29 14:20:43,227,299,281,355,0.46,2
2025-03-29 14:20:43,372,293,426,346,0.82,2
2025-03-29 14:20:43,481,325,507,359,0.68,3
2025-03-29 14:20:43,428,273,481,325,0.57,2
2025-03-29 14:20:43,279,316,339,357,0.56,2
2025-03-29 14:20:43,227,299,281,355,0.55,2
2025-03-29 14:20:43,505,280,566,331,0.27,2
2025-03-29 14:20:43,372,291,426,345,0.84,2
2025-03-29 14:20:43,480,326,505,359,0.7,3
2025-03-29 14:20:43,429,273,481,325,0.63,2
2025-03-29 14:20:43,279,316,339,357,0.6,2
2025-03-29 14:20:43,227,299,281,354,0.54,2
2025-03-29 14:20:43,504,280,566,330,0.29,2
2025-03-29 14:20:43,372,291,427,345,0.84,2
2025-03-29 14:20:43,479,324,505,358,0.7,3
2025-03-29 14:20:43,429,272,481,325,0.64,2
2025-03-29 14:20:43,279,315,339,357,0.56,2
2025-03-29 14:20:43,228,299,281,354,0.53,2
2025-03-29 14:20:43,527,327,603,358,0.3,2
2025-03-29 14:20:43,503,280,566,331,0.26,2
2025-03-29 14:20:43,372,290,427,344,0.84,2
2025-03-29 14:20:43,479,322,504,359,0.7,3
2025-03-29 14:20:43,429,271,481,324,0.61,2
2025-03-29 14:20:43,228,298,281,354,0.56,2
2025-03-29 14:20:43,279,315,339,357,0.53,2
2025-03-29 14:20:43,526,326,602,358,0.33,2
2025-03-29 14:20:43,373,290,429,344,0.85,2
2025-03-29 14:20:43,478,321,504,359,0.69,3
2025-03-29 14:20:43,228,298,281,354,0.56,2
2025-03-29 14:20:43,429,270,481,324,0.5,2
2025-03-29 14:20:43,280,314,340,357,0.5,2
2025-03-29 14:20:43,526,325,601,358,0.32,2
2025-03-29 14:20:43,375,290,430,344,0.83,2
2025-03-29 14:20:43,477,319,504,359,0.64,3
2025-03-29 14:20:43,229,298,281,353,0.54,2
2025-03-29 14:20:43,280,314,340,357,0.47,2
2025-03-29 14:20:43,430,269,481,324,0.37,2
2025-03-29 14:20:43,525,325,602,358,0.3,2
2025-03-29 14:20:43,375,289,430,343,0.84,2
2025-03-29 14:20:43,476,318,503,359,0.65,3
2025-03-29 14:20:43,229,298,282,353,0.53,2
2025-03-29 14:20:43,281,314,340,357,0.51,2
2025-03-29 14:20:43,525,324,602,359,0.36,2
2025-03-29 14:20:43,430,269,481,324,0.35,2
2025-03-29 14:20:43,375,289,430,343,0.83,2
2025-03-29 14:20:43,476,317,503,359,0.66,3
2025-03-29 14:20:43,230,298,282,353,0.52,2
2025-03-29 14:20:43,281,314,341,357,0.49,2
2025-03-29 14:20:43,524,323,601,359,0.42,2
2025-03-29 14:20:43,430,269,481,323,0.41,2
2025-03-29 14:20:43,376,289,431,343,0.83,2
2025-03-29 14:20:43,476,317,502,359,0.61,3
2025-03-29 14:20:43,230,297,282,352,0.52,2
2025-03-29 14:20:43,281,314,341,357,0.51,2
2025-03-29 14:20:43,430,269,481,323,0.46,2
2025-03-29 14:20:43,524,322,601,359,0.41,2
2025-03-29 14:20:43,146,326,226,359,0.25,2
2025-03-29 14:20:43,376,288,431,342,0.82,2
2025-03-29 14:20:43,476,317,502,359,0.57,3
2025-03-29 14:20:43,231,296,283,352,0.56,2
2025-03-29 14:20:43,281,313,342,357,0.54,2
2025-03-29 14:20:43,430,269,481,322,0.48,2
2025-03-29 14:20:43,524,321,600,359,0.4,2
2025-03-29 14:20:43,376,288,432,342,0.83,2
2025-03-29 14:20:43,475,317,502,359,0.66,3
2025-03-29 14:20:43,231,296,283,352,0.61,2
2025-03-29 14:20:43,281,313,342,358,0.59,2
2025-03-29 14:20:43,430,268,481,321,0.51,2
2025-03-29 14:20:43,524,320,599,358,0.41,2
2025-03-29 14:20:43,146,325,225,358,0.25,2
2025-03-29 14:20:43,377,287,432,342,0.84,2
2025-03-29 14:20:43,474,317,501,359,0.74,3
2025-03-29 14:20:43,231,294,284,352,0.61,2
2025-03-29 14:20:43,430,268,481,321,0.57,2
2025-03-29 14:20:43,282,312,343,358,0.56,2
2025-03-29 14:20:43,523,320,599,358,0.39,2
2025-03-29 14:20:43,377,287,432,342,0.83,2
2025-03-29 14:20:43,474,316,501,359,0.75,3
2025-03-29 14:20:43,232,293,285,352,0.65,2
2025-03-29 14:20:43,282,312,343,358,0.6,2
2025-03-29 14:20:43,430,268,481,320,0.56,2
2025-03-29 14:20:43,522,319,599,358,0.37,2
2025-03-29 14:20:43,146,324,225,359,0.26,2
2025-03-29 14:20:43,377,286,433,341,0.83,2
2025-03-29 14:20:43,473,316,501,359,0.69,3
2025-03-29 14:20:43,232,293,285,351,0.64,2
2025-03-29 14:20:43,282,312,343,358,0.64,2
2025-03-29 14:20:43,430,268,481,320,0.52,2
2025-03-29 14:20:43,522,318,599,358,0.42,2
2025-03-29 14:20:43,145,323,225,359,0.27,2
2025-03-29 14:20:43,377,286,433,341,0.83,2
2025-03-29 14:20:43,282,312,343,358,0.68,2
2025-03-29 14:20:43,473,315,500,359,0.67,3
2025-03-29 14:20:43,232,293,286,351,0.66,2
2025-03-29 14:20:43,430,267,481,320,0.5,2
2025-03-29 14:20:43,522,317,599,358,0.45,2
2025-03-29 14:20:43,146,323,225,358,0.29,2
2025-03-29 14:20:43,377,286,433,341,0.82,2
2025-03-29 14:20:43,473,314,500,359,0.7,3
2025-03-29 14:20:43,282,312,343,358,0.66,2
2025-03-29 14:20:43,232,293,286,350,0.64,2
2025-03-29 14:20:43,521,316,597,358,0.44,2
2025-03-29 14:20:43,430,267,481,319,0.42,2
2025-03-29 14:20:43,144,323,224,359,0.26,2
2025-03-29 14:20:43,378,285,433,341,0.82,2
2025-03-29 14:20:43,473,314,500,359,0.71,3
2025-03-29 14:20:43,283,311,343,358,0.7,2
2025-03-29 14:20:43,232,293,286,349,0.62,2
2025-03-29 14:20:43,521,315,596,358,0.43,2
2025-03-29 14:20:43,431,267,481,317,0.32,2
2025-03-29 14:20:43,145,323,224,359,0.28,2
2025-03-29 14:20:43,378,285,433,340,0.82,2
2025-03-29 14:20:43,283,310,344,358,0.73,2
2025-03-29 14:20:43,233,293,287,349,0.66,2
2025-03-29 14:20:43,473,315,499,359,0.55,3
2025-03-29 14:20:43,521,314,595,358,0.39,2
2025-03-29 14:20:43,145,322,224,359,0.28,2
2025-03-29 14:20:43,430,267,481,316,0.25,2
2025-03-29 14:20:43,378,285,434,339,0.82,2
2025-03-29 14:20:43,283,310,344,358,0.74,2
2025-03-29 14:20:43,232,292,286,349,0.66,2
2025-03-29 14:20:43,473,315,499,359,0.63,3
2025-03-29 14:20:43,521,313,593,358,0.43,2
2025-03-29 14:20:43,145,322,223,359,0.31,2
2025-03-29 14:20:43,379,285,434,339,0.83,2
2025-03-29 14:20:43,283,310,344,358,0.74,2
2025-03-29 14:20:43,232,292,286,349,0.64,2
2025-03-29 14:20:43,472,315,498,359,0.62,3
2025-03-29 14:20:43,520,313,592,358,0.43,2
2025-03-29 14:20:43,145,321,223,359,0.33,2
2025-03-29 14:20:43,379,285,434,339,0.84,2
2025-03-29 14:20:43,284,309,345,358,0.71,2
2025-03-29 14:20:43,472,314,498,359,0.69,3
2025-03-29 14:20:43,233,292,286,349,0.65,2
2025-03-29 14:20:43,520,312,592,358,0.48,2
2025-03-29 14:20:43,145,321,223,359,0.32,2
2025-03-29 14:20:43,278,251,350,313,0.25,2
2025-03-29 14:20:43,379,284,434,338,0.84,2
2025-03-29 14:20:43,285,309,345,358,0.73,2
2025-03-29 14:20:43,472,314,498,358,0.72,3
2025-03-29 14:20:43,233,291,286,349,0.65,2
2025-03-29 14:20:43,520,312,591,358,0.44,2
2025-03-29 14:20:43,145,321,223,359,0.3,2
2025-03-29 14:20:43,278,251,351,313,0.27,2
2025-03-29 14:20:43,430,266,481,315,0.26,2
2025-03-29 14:20:43,380,284,435,338,0.84,2
2025-03-29 14:20:43,285,309,345,358,0.74,2
2025-03-29 14:20:43,472,310,498,358,0.73,3
2025-03-29 14:20:43,233,291,287,349,0.69,2
2025-03-29 14:20:43,520,311,590,358,0.37,2
2025-03-29 14:20:43,279,251,351,313,0.32,2
2025-03-29 14:20:43,430,266,481,315,0.32,2
2025-03-29 14:20:43,144,320,222,359,0.28,2
2025-03-29 14:20:43,380,284,435,338,0.85,2
2025-03-29 14:20:43,285,308,346,358,0.73,2
2025-03-29 14:20:43,472,307,498,357,0.71,3
2025-03-29 14:20:43,234,291,287,348,0.67,2
2025-03-29 14:20:43,519,311,590,358,0.34,2
2025-03-29 14:20:43,430,266,481,315,0.3,2
2025-03-29 14:20:43,144,320,222,359,0.29,2
2025-03-29 14:20:43,280,250,352,313,0.25,2
2025-03-29 14:20:43,380,284,436,338,0.84,2
2025-03-29 14:20:43,286,307,346,359,0.72,2
2025-03-29 14:20:43,472,307,497,356,0.68,3
2025-03-29 14:20:43,234,291,287,348,0.66,2
2025-03-29 14:20:43,519,310,589,358,0.34,2
2025-03-29 14:20:43,144,319,222,359,0.28,2
2025-03-29 14:20:43,430,266,481,315,0.27,2
2025-03-29 14:20:43,380,283,436,337,0.85,2
2025-03-29 14:20:43,286,308,347,359,0.73,2
2025-03-29 14:20:43,471,308,497,356,0.71,3
2025-03-29 14:20:43,234,290,287,348,0.67,2
2025-03-29 14:20:43,518,310,588,358,0.37,2
2025-03-29 14:20:43,144,319,222,359,0.32,2
2025-03-29 14:20:43,430,265,481,315,0.29,2
2025-03-29 14:20:43,381,283,436,337,0.85,2
2025-03-29 14:20:43,471,307,496,355,0.74,3
2025-03-29 14:20:43,287,308,347,359,0.73,2
2025-03-29 14:20:43,234,291,287,347,0.68,2
2025-03-29 14:20:43,517,309,588,358,0.43,2
2025-03-29 14:20:43,144,317,221,359,0.42,2
2025-03-29 14:20:43,282,250,353,313,0.36,2
2025-03-29 14:20:43,430,264,481,314,0.35,2
2025-03-29 14:20:43,381,283,436,336,0.85,2
2025-03-29 14:20:43,471,305,496,354,0.74,3
2025-03-29 14:20:43,287,308,347,359,0.74,2
2025-03-29 14:20:43,235,291,287,347,0.69,2
2025-03-29 14:20:43,144,317,221,359,0.44,2
2025-03-29 14:20:43,517,308,587,358,0.4,2
2025-03-29 14:20:43,430,263,481,314,0.34,2
2025-03-29 14:20:43,282,249,353,313,0.33,2
2025-03-29 14:20:43,382,283,437,336,0.83,2
2025-03-29 14:20:43,471,302,496,353,0.77,3
2025-03-29 14:20:43,287,307,348,359,0.74,2
2025-03-29 14:20:43,235,291,288,347,0.67,2
2025-03-29 14:20:43,516,308,586,358,0.45,2
2025-03-29 14:20:43,144,316,221,359,0.43,2
2025-03-29 14:20:43,283,249,354,313,0.33,2
2025-03-29 14:20:43,382,282,437,336,0.83,2
2025-03-29 14:20:43,471,302,495,352,0.78,3
2025-03-29 14:20:43,287,309,348,359,0.74,2
2025-03-29 14:20:43,235,291,288,346,0.63,2
2025-03-29 14:20:43,516,307,586,358,0.51,2
2025-03-29 14:20:43,144,316,221,359,0.42,2
2025-03-29 14:20:43,284,249,354,313,0.26,2
2025-03-29 14:20:43,382,282,437,335,0.82,2
2025-03-29 14:20:43,470,301,495,351,0.79,3
2025-03-29 14:20:43,287,308,348,359,0.75,2
2025-03-29 14:20:43,235,291,288,346,0.59,2
2025-03-29 14:20:43,516,307,585,358,0.52,2
2025-03-29 14:20:43,144,315,221,359,0.43,2
2025-03-29 14:20:43,382,282,437,336,0.81,2
2025-03-29 14:20:43,470,300,495,350,0.79,3
2025-03-29 14:20:43,287,308,348,359,0.74,2
2025-03-29 14:20:43,235,291,288,346,0.55,2
2025-03-29 14:20:43,515,306,584,358,0.5,2
2025-03-29 14:20:43,144,315,221,359,0.45,2
2025-03-29 14:20:43,383,282,437,335,0.82,2
2025-03-29 14:20:43,470,298,495,349,0.8,3
2025-03-29 14:20:43,288,307,349,359,0.73,2
2025-03-29 14:20:43,236,291,288,346,0.55,2
2025-03-29 14:20:43,515,305,584,358,0.48,2
2025-03-29 14:20:43,144,315,221,359,0.47,2
2025-03-29 14:20:43,286,249,356,311,0.26,2
2025-03-29 14:20:43,383,282,438,334,0.81,2
2025-03-29 14:20:43,470,299,495,348,0.79,3
2025-03-29 14:20:43,288,306,349,359,0.74,2
2025-03-29 14:20:43,236,291,288,346,0.49,2
2025-03-29 14:20:43,515,305,584,357,0.45,2
2025-03-29 14:20:43,144,315,221,359,0.44,2
2025-03-29 14:20:43,383,281,438,333,0.81,2
2025-03-29 14:20:43,471,298,495,348,0.78,3
2025-03-29 14:20:43,288,306,349,359,0.73,2
2025-03-29 14:20:43,236,291,288,346,0.54,2
2025-03-29 14:20:43,515,304,583,357,0.51,2
2025-03-29 14:20:43,144,314,220,359,0.45,2
2025-03-29 14:20:43,384,281,438,333,0.82,2
2025-03-29 14:20:43,470,298,495,347,0.8,3
2025-03-29 14:20:43,289,305,350,358,0.72,2
2025-03-29 14:20:43,515,303,583,357,0.5,2
2025-03-29 14:20:43,237,291,289,346,0.49,2
2025-03-29 14:20:43,144,314,220,359,0.45,2
2025-03-29 14:20:43,384,281,439,333,0.82,2
2025-03-29 14:20:43,471,298,495,346,0.81,3
2025-03-29 14:20:43,289,306,350,359,0.72,2
2025-03-29 14:20:43,237,291,289,346,0.5,2
2025-03-29 14:20:43,515,302,583,356,0.49,2
2025-03-29 14:20:43,143,314,219,359,0.38,2
2025-03-29 14:20:43,385,281,439,333,0.81,2
2025-03-29 14:20:43,471,299,495,345,0.78,3
2025-03-29 14:20:43,289,305,350,359,0.73,2
2025-03-29 14:20:43,515,302,582,356,0.53,2
2025-03-29 14:20:43,238,290,289,346,0.53,2
2025-03-29 14:20:43,143,314,219,359,0.37,2
2025-03-29 14:20:43,385,280,439,333,0.81,2
2025-03-29 14:20:43,471,296,495,345,0.77,3
2025-03-29 14:20:43,290,305,351,359,0.73,2
2025-03-29 14:20:43,238,290,290,345,0.54,2
2025-03-29 14:20:43,515,302,581,356,0.54,2
2025-03-29 14:20:43,144,314,219,359,0.4,2
2025-03-29 14:20:43,385,280,439,333,0.81,2
2025-03-29 14:20:43,471,295,495,344,0.71,3
2025-03-29 14:20:43,290,305,351,358,0.71,2
2025-03-29 14:20:43,515,301,581,355,0.58,2
2025-03-29 14:20:43,238,290,290,345,0.56,2
2025-03-29 14:20:43,143,313,219,359,0.41,2
2025-03-29 14:20:43,385,280,439,332,0.79,2
2025-03-29 14:20:43,290,304,351,358,0.68,2
2025-03-29 14:20:43,471,296,494,344,0.62,3
2025-03-29 14:20:43,238,289,290,345,0.56,2
2025-03-29 14:20:43,514,300,580,355,0.55,2
2025-03-29 14:20:43,143,313,218,359,0.43,2
2025-03-29 14:20:43,386,280,440,333,0.8,2
2025-03-29 14:20:43,290,304,351,358,0.7,2
2025-03-29 14:20:43,471,291,494,343,0.63,3
2025-03-29 14:20:43,514,300,580,354,0.57,2
2025-03-29 14:20:43,239,289,290,345,0.55,2
2025-03-29 14:20:43,143,313,219,359,0.51,2
2025-03-29 14:20:43,386,280,440,333,0.79,2
2025-03-29 14:20:43,290,304,352,358,0.71,2
2025-03-29 14:20:43,471,291,494,342,0.6,3
2025-03-29 14:20:43,239,288,290,345,0.56,2
2025-03-29 14:20:43,514,299,579,354,0.53,2
2025-03-29 14:20:43,143,313,218,359,0.5,2
2025-03-29 14:20:43,386,280,440,332,0.79,2
2025-03-29 14:20:43,290,304,352,359,0.73,2
2025-03-29 14:20:43,471,290,494,342,0.6,3
2025-03-29 14:20:43,239,288,290,345,0.53,2
2025-03-29 14:20:43,514,299,579,354,0.51,2
2025-03-29 14:20:43,142,313,218,359,0.51,2
2025-03-29 14:20:43,386,279,440,332,0.78,2
2025-03-29 14:20:43,291,304,352,359,0.74,2
2025-03-29 14:20:43,470,289,494,341,0.59,3
2025-03-29 14:20:43,240,286,292,345,0.56,2
2025-03-29 14:20:43,514,298,577,353,0.51,2
2025-03-29 14:20:43,142,313,218,359,0.5,2
2025-03-29 14:20:43,387,279,440,332,0.79,2
2025-03-29 14:20:43,291,304,352,359,0.75,2
2025-03-29 14:20:43,240,286,292,345,0.61,2
2025-03-29 14:20:43,470,290,494,341,0.55,3
2025-03-29 14:20:43,514,297,576,353,0.55,2
2025-03-29 14:20:43,142,312,218,359,0.51,2
2025-03-29 14:20:43,387,279,440,332,0.79,2
2025-03-29 14:20:43,292,305,353,359,0.75,2
2025-03-29 14:20:43,240,286,292,345,0.63,2
2025-03-29 14:20:43,513,297,576,352,0.52,2
2025-03-29 14:20:43,470,289,494,340,0.51,3
2025-03-29 14:20:43,142,312,217,359,0.5,2
2025-03-29 14:20:43,387,279,440,332,0.78,2
2025-03-29 14:20:43,292,304,353,359,0.75,2
2025-03-29 14:20:43,240,286,292,345,0.6,2
2025-03-29 14:20:43,513,297,576,352,0.51,2
2025-03-29 14:20:43,142,312,217,359,0.49,2
2025-03-29 14:20:43,470,290,494,340,0.42,3
2025-03-29 14:20:43,293,304,353,358,0.75,2
2025-03-29 14:20:43,388,279,440,332,0.75,2
2025-03-29 14:20:43,240,286,292,345,0.59,2
2025-03-29 14:20:43,470,290,494,339,0.54,3
2025-03-29 14:20:43,141,312,216,359,0.53,2
2025-03-29 14:20:43,513,296,575,351,0.5,2
2025-03-29 14:20:43,388,279,440,332,0.76,2
2025-03-29 14:20:43,293,303,353,358,0.74,2
2025-03-29 14:20:43,470,289,493,338,0.62,3
2025-03-29 14:20:43,241,286,292,345,0.57,2
2025-03-29 14:20:43,141,312,216,359,0.56,2
2025-03-29 14:20:43,513,296,575,350,0.49,2
2025-03-29 14:20:43,388,279,441,331,0.77,2
2025-03-29 14:20:43,293,303,354,358,0.74,2
2025-03-29 14:20:43,470,289,493,338,0.66,3
2025-03-29 14:20:43,240,286,293,345,0.57,2
2025-03-29 14:20:43,141,312,215,359,0.54,2
2025-03-29 14:20:43,513,296,575,350,0.47,2
2025-03-29 14:20:43,389,279,441,331,0.78,2
2025-03-29 14:20:43,293,304,354,358,0.73,2
2025-03-29 14:20:43,470,289,493,338,0.67,3
2025-03-29 14:20:43,241,286,293,344,0.56,2
2025-03-29 14:20:43,141,311,215,358,0.52,2
2025-03-29 14:20:43,513,296,574,349,0.49,2
2025-03-29 14:20:43,389,279,441,331,0.77,2
2025-03-29 14:20:43,294,303,354,358,0.7,2
2025-03-29 14:20:43,470,287,493,337,0.64,3
2025-03-29 14:20:43,241,287,292,344,0.56,2
2025-03-29 14:20:43,512,296,574,348,0.48,2
2025-03-29 14:20:43,140,311,215,358,0.48,2
2025-03-29 14:20:43,389,279,441,331,0.78,2
2025-03-29 14:20:43,294,303,355,358,0.73,2
2025-03-29 14:20:43,470,286,493,337,0.72,3
2025-03-29 14:20:43,241,287,293,344,0.61,2
2025-03-29 14:20:43,513,295,574,348,0.55,2
2025-03-29 14:20:43,140,311,214,359,0.49,2
2025-03-29 14:20:43,389,279,442,332,0.77,2
2025-03-29 14:20:43,469,286,493,337,0.73,3
2025-03-29 14:20:43,294,303,355,358,0.71,2
2025-03-29 14:20:43,241,288,293,344,0.61,2
2025-03-29 14:20:43,513,294,573,348,0.53,2
2025-03-29 14:20:43,140,311,214,359,0.48,2
2025-03-29 14:20:43,389,279,442,331,0.77,2
2025-03-29 14:20:43,470,286,493,336,0.74,3
2025-03-29 14:20:43,295,301,355,358,0.71,2
2025-03-29 14:20:43,241,288,293,344,0.62,2
2025-03-29 14:20:43,513,294,573,347,0.51,2
2025-03-29 14:20:43,140,310,213,358,0.45,2
2025-03-29 14:20:43,390,279,442,331,0.76,2
2025-03-29 14:20:43,294,302,356,358,0.73,2
2025-03-29 14:20:43,470,287,493,336,0.72,3
2025-03-29 14:20:43,241,288,293,344,0.61,2
2025-03-29 14:20:43,513,293,572,347,0.53,2
2025-03-29 14:20:43,140,310,213,358,0.38,2
2025-03-29 14:20:43,390,279,442,331,0.77,2
2025-03-29 14:20:43,469,287,492,335,0.72,3
2025-03-29 14:20:43,295,301,356,357,0.72,2
2025-03-29 14:20:43,242,288,293,344,0.63,2
2025-03-29 14:20:43,512,293,572,347,0.56,2
2025-03-29 14:20:43,140,309,212,358,0.37,2
2025-03-29 14:20:43,390,279,442,331,0.76,2
2025-03-29 14:20:43,295,301,357,357,0.73,2
2025-03-29 14:20:43,469,287,492,334,0.73,3
2025-03-29 14:20:43,242,288,293,344,0.64,2
2025-03-29 14:20:43,513,292,571,346,0.58,2
2025-03-29 14:20:43,140,309,212,358,0.37,2
2025-03-29 14:20:43,469,287,492,334,0.74,3
2025-03-29 14:20:43,391,278,442,331,0.73,2
2025-03-29 14:20:43,295,300,357,357,0.73,2
2025-03-29 14:20:43,242,288,293,344,0.64,2
2025-03-29 14:20:43,513,292,571,346,0.6,2
2025-03-29 14:20:43,140,310,212,358,0.35,2
2025-03-29 14:20:43,469,288,492,333,0.76,3
2025-03-29 14:20:43,391,278,443,331,0.74,2
2025-03-29 14:20:43,296,300,357,357,0.74,2
2025-03-29 14:20:43,242,288,293,344,0.64,2
2025-03-29 14:20:43,513,292,571,345,0.61,2
2025-03-29 14:20:43,140,310,211,358,0.34,2
2025-03-29 14:20:43,469,288,492,333,0.75,3
2025-03-29 14:20:43,296,299,358,357,0.72,2
2025-03-29 14:20:43,391,278,443,331,0.72,2
2025-03-29 14:20:43,242,288,294,344,0.64,2
2025-03-29 14:20:43,513,292,571,345,0.61,2
2025-03-29 14:20:43,140,309,211,358,0.33,2
2025-03-29 14:20:43,469,288,492,333,0.77,3
2025-03-29 14:20:43,391,278,443,331,0.74,2
2025-03-29 14:20:43,297,300,358,357,0.74,2
2025-03-29 14:20:43,242,288,294,344,0.64,2
2025-03-29 14:20:43,513,291,570,345,0.64,2
2025-03-29 14:20:43,140,309,211,358,0.32,2
2025-03-29 14:20:43,469,287,492,332,0.78,3
2025-03-29 14:20:43,392,279,444,331,0.75,2
2025-03-29 14:20:43,297,300,359,357,0.72,2
2025-03-29 14:20:43,243,288,294,344,0.65,2
2025-03-29 14:20:43,513,291,570,344,0.65,2
2025-03-29 14:20:43,140,309,210,358,0.4,2
2025-03-29 14:20:43,469,286,492,332,0.76,3
2025-03-29 14:20:43,392,279,444,331,0.76,2
2025-03-29 14:20:43,297,301,359,357,0.73,2
2025-03-29 14:20:43,514,291,570,343,0.67,2
2025-03-29 14:20:43,243,286,294,344,0.66,2
2025-03-29 14:20:43,140,309,210,358,0.42,2
2025-03-29 14:20:43,392,279,444,331,0.76,2
2025-03-29 14:20:43,469,286,492,332,0.76,3
2025-03-29 14:20:43,298,300,359,357,0.74,2
2025-03-29 14:20:43,514,290,570,343,0.67,2
2025-03-29 14:20:43,243,286,294,344,0.64,2
2025-03-29 14:20:43,140,309,210,358,0.37,2
2025-03-29 14:20:43,392,278,444,330,0.76,2
2025-03-29 14:20:43,298,300,360,357,0.75,2
2025-03-29 14:20:43,469,285,492,331,0.71,3
2025-03-29 14:20:43,513,290,569,342,0.66,2
2025-03-29 14:20:43,243,286,294,344,0.65,2
2025-03-29 14:20:43,141,309,210,358,0.39,2
2025-03-29 14:20:43,392,278,445,330,0.77,2
2025-03-29 14:20:43,298,301,360,357,0.75,2
2025-03-29 14:20:43,469,285,492,331,0.69,3
2025-03-29 14:20:43,513,290,569,342,0.67,2
2025-03-29 14:20:43,243,286,295,344,0.65,2
2025-03-29 14:20:43,141,309,210,358,0.37,2
2025-03-29 14:20:43,392,278,445,330,0.77,2
2025-03-29 14:20:43,298,301,360,357,0.76,2
2025-03-29 14:20:43,513,289,569,341,0.68,2
2025-03-29 14:20:43,469,286,492,331,0.66,3
2025-03-29 14:20:43,243,285,295,344,0.64,2
2025-03-29 14:20:43,141,309,210,358,0.36,2
2025-03-29 14:20:43,393,279,445,330,0.78,2
2025-03-29 14:20:43,298,300,361,357,0.77,2
2025-03-29 14:20:43,513,289,569,341,0.68,2
2025-03-29 14:20:43,244,286,295,344,0.66,2
2025-03-29 14:20:43,469,285,492,330,0.66,3
2025-03-29 14:20:43,141,309,209,358,0.4,2
2025-03-29 14:20:43,299,300,361,358,0.79,2
2025-03-29 14:20:43,393,278,446,330,0.77,2
2025-03-29 14:20:43,244,285,295,344,0.67,2
2025-03-29 14:20:43,513,288,569,341,0.67,2
2025-03-29 14:20:43,469,285,492,330,0.57,3
2025-03-29 14:20:43,141,309,209,358,0.42,2
2025-03-29 14:20:43,374,327,444,359,0.28,2
2025-03-29 14:20:43,299,300,361,357,0.8,2
2025-03-29 14:20:43,393,278,446,330,0.77,2
2025-03-29 14:20:43,468,284,491,329,0.69,3
2025-03-29 14:20:43,244,285,295,344,0.67,2
2025-03-29 14:20:43,513,288,568,341,0.57,2
2025-03-29 14:20:43,141,309,209,358,0.46,2
2025-03-29 14:20:43,374,327,443,359,0.36,2
2025-03-29 14:20:43,299,300,361,357,0.8,2
2025-03-29 14:20:43,393,278,446,329,0.77,2
2025-03-29 14:20:43,468,284,491,328,0.74,3
2025-03-29 14:20:43,244,285,295,344,0.68,2
2025-03-29 14:20:43,513,288,568,340,0.61,2
2025-03-29 14:20:43,141,309,209,358,0.46,2
2025-03-29 14:20:43,374,327,443,359,0.36,2
2025-03-29 14:20:43,300,299,362,357,0.79,2
2025-03-29 14:20:43,393,278,446,329,0.77,2
2025-03-29 14:20:43,468,283,491,328,0.76,3
2025-03-29 14:20:43,244,285,296,344,0.67,2
2025-03-29 14:20:43,513,288,568,340,0.59,2
2025-03-29 14:20:43,141,309,209,358,0.47,2
2025-03-29 14:20:43,374,327,443,359,0.41,2
2025-03-29 14:20:43,301,300,363,357,0.81,2
2025-03-29 14:20:43,468,283,491,328,0.76,3
2025-03-29 14:20:43,394,278,446,329,0.76,2
2025-03-29 14:20:43,244,285,296,344,0.68,2
2025-03-29 14:20:43,514,287,568,340,0.59,2
2025-03-29 14:20:43,141,309,209,358,0.43,2
2025-03-29 14:20:43,375,327,443,359,0.42,2
2025-03-29 14:20:43,301,299,363,357,0.79,2
2025-03-29 14:20:43,394,278,446,329,0.74,2
2025-03-29 14:20:43,468,283,491,327,0.71,3
2025-03-29 14:20:43,244,285,296,344,0.66,2
2025-03-29 14:20:43,513,287,568,339,0.6,2
2025-03-29 14:20:43,142,309,208,358,0.45,2
2025-03-29 14:20:43,376,326,443,359,0.44,2
2025-03-29 14:20:43,302,299,363,357,0.79,2
2025-03-29 14:20:43,394,278,446,329,0.73,2
2025-03-29 14:20:43,468,282,491,327,0.71,3
2025-03-29 14:20:43,245,285,296,344,0.67,2
2025-03-29 14:20:43,513,286,567,339,0.61,2
2025-03-29 14:20:43,142,309,208,358,0.48,2
2025-03-29 14:20:43,376,326,443,359,0.46,2
2025-03-29 14:20:43,302,300,364,357,0.79,2
2025-03-29 14:20:43,394,278,447,329,0.73,2
2025-03-29 14:20:43,468,282,490,327,0.69,3
2025-03-29 14:20:43,245,285,296,344,0.66,2
2025-03-29 14:20:43,513,286,567,338,0.62,2
2025-03-29 14:20:43,142,309,208,358,0.46,2
2025-03-29 14:20:43,375,326,442,359,0.42,2
2025-03-29 14:20:43,303,299,364,357,0.79,2
2025-03-29 14:20:43,394,278,447,329,0.73,2
2025-03-29 14:20:43,468,282,490,327,0.68,3
2025-03-29 14:20:43,245,285,296,344,0.66,2
2025-03-29 14:20:43,513,285,567,338,0.63,2
2025-03-29 14:20:43,142,309,208,358,0.46,2
2025-03-29 14:20:43,375,326,442,359,0.42,2
2025-03-29 14:20:43,303,299,364,357,0.79,2
2025-03-29 14:20:43,395,278,447,329,0.69,2
2025-03-29 14:20:43,245,285,296,344,0.67,2
2025-03-29 14:20:43,468,281,490,326,0.66,3
2025-03-29 14:20:43,513,285,566,337,0.61,2
2025-03-29 14:20:43,142,308,208,358,0.44,2
2025-03-29 14:20:43,375,325,443,359,0.42,2
2025-03-29 14:20:43,303,299,365,357,0.79,2
2025-03-29 14:20:43,395,277,447,329,0.68,2
2025-03-29 14:20:43,468,280,490,326,0.68,3
2025-03-29 14:20:43,245,285,296,344,0.68,2
2025-03-29 14:20:43,513,285,566,336,0.58,2
2025-03-29 14:20:43,142,308,208,358,0.47,2
2025-03-29 14:20:43,375,325,443,359,0.41,2
2025-03-29 14:20:43,303,299,365,357,0.79,2
2025-03-29 14:20:43,245,285,296,344,0.7,2
2025-03-29 14:20:43,395,278,447,329,0.69,2
2025-03-29 14:20:43,468,280,490,325,0.67,3
2025-03-29 14:20:43,513,284,566,336,0.57,2
2025-03-29 14:20:43,375,325,442,359,0.48,2
2025-03-29 14:20:43,142,308,207,358,0.47,2
2025-03-29 14:20:43,303,299,365,357,0.8,2
2025-03-29 14:20:43,396,277,447,328,0.71,2
2025-03-29 14:20:43,245,285,296,344,0.7,2
2025-03-29 14:20:43,468,281,490,325,0.68,3
2025-03-29 14:20:43,513,284,566,335,0.58,2
2025-03-29 14:20:43,376,325,442,359,0.53,2
2025-03-29 14:20:43,142,308,207,358,0.44,2
2025-03-29 14:20:43,304,299,365,356,0.8,2
2025-03-29 14:20:43,396,277,447,328,0.71,2
2025-03-29 14:20:43,245,285,297,344,0.7,2
2025-03-29 14:20:43,468,281,490,324,0.62,3
2025-03-29 14:20:43,513,284,566,334,0.6,2
2025-03-29 14:20:43,376,324,442,359,0.52,2
2025-03-29 14:20:43,143,308,207,358,0.44,2
2025-03-29 14:20:43,304,299,365,356,0.8,2
2025-03-29 14:20:43,396,277,447,328,0.7,2
2025-03-29 14:20:43,246,285,297,343,0.68,2
2025-03-29 14:20:43,513,283,566,333,0.64,2
2025-03-29 14:20:43,468,280,490,324,0.6,3
2025-03-29 14:20:43,376,324,442,359,0.53,2
2025-03-29 14:20:43,142,308,207,358,0.45,2
2025-03-29 14:20:43,304,299,366,356,0.8,2
2025-03-29 14:20:43,396,277,447,328,0.69,2
2025-03-29 14:20:43,246,285,297,343,0.68,2
2025-03-29 14:20:43,513,283,565,333,0.59,2
2025-03-29 14:20:43,468,280,490,324,0.53,3
2025-03-29 14:20:43,376,324,442,359,0.51,2
2025-03-29 14:20:43,142,308,207,358,0.46,2
2025-03-29 14:20:43,304,299,366,356,0.79,2
2025-03-29 14:20:43,246,285,297,343,0.68,2
2025-03-29 14:20:43,397,277,447,327,0.65,2
2025-03-29 14:20:43,513,283,565,332,0.57,2
2025-03-29 14:20:43,376,324,442,359,0.51,2
2025-03-29 14:20:43,468,280,490,324,0.49,3
2025-03-29 14:20:43,143,308,206,358,0.46,2
2025-03-29 14:20:43,304,298,366,355,0.77,2
2025-03-29 14:20:43,246,285,297,343,0.69,2
2025-03-29 14:20:43,397,277,447,327,0.67,2
2025-03-29 14:20:43,513,283,565,332,0.54,2
2025-03-29 14:20:43,376,323,442,359,0.52,2
2025-03-29 14:20:43,143,308,206,358,0.48,2
2025-03-29 14:20:43,468,280,490,324,0.41,3
2025-03-29 14:20:43,314,246,375,305,0.26,2
2025-03-29 14:20:43,305,298,367,355,0.76,2
2025-03-29 14:20:43,246,285,297,343,0.7,2
2025-03-29 14:20:43,397,277,448,327,0.66,2
2025-03-29 14:20:43,513,282,564,331,0.52,2
2025-03-29 14:20:43,376,323,442,359,0.52,2
2025-03-29 14:20:43,143,308,206,358,0.46,2
2025-03-29 14:20:43,467,280,490,323,0.41,3
2025-03-29 14:20:43,315,246,373,305,0.28,2
2025-03-29 14:20:44,305,298,367,355,0.75,2
2025-03-29 14:20:44,246,285,297,343,0.7,2
2025-03-29 14:20:44,397,276,448,326,0.68,2
2025-03-29 14:20:44,467,279,490,323,0.53,3
2025-03-29 14:20:44,375,323,442,359,0.53,2
2025-03-29 14:20:44,512,282,564,331,0.51,2
2025-03-29 14:20:44,143,308,206,358,0.46,2
2025-03-29 14:20:44,315,246,373,305,0.29,2
2025-03-29 14:20:44,305,298,367,354,0.73,2
2025-03-29 14:20:44,246,285,297,343,0.68,2
2025-03-29 14:20:44,397,276,448,326,0.68,2
2025-03-29 14:20:44,467,277,490,322,0.51,3
2025-03-29 14:20:44,375,322,442,359,0.5,2
2025-03-29 14:20:44,143,308,206,358,0.46,2
2025-03-29 14:20:44,512,281,563,330,0.44,2
2025-03-29 14:20:44,315,246,375,304,0.3,2
2025-03-29 14:20:44,306,298,367,354,0.72,2
2025-03-29 14:20:44,398,276,448,325,0.72,2
2025-03-29 14:20:44,246,285,297,343,0.7,2
2025-03-29 14:20:44,467,276,489,321,0.53,3
2025-03-29 14:20:44,375,322,442,359,0.49,2
2025-03-29 14:20:44,143,307,206,358,0.49,2
2025-03-29 14:20:44,511,281,563,330,0.46,2
2025-03-29 14:20:44,315,246,375,305,0.33,2
2025-03-29 14:20:44,398,276,448,325,0.74,2
2025-03-29 14:20:44,306,298,367,354,0.73,2
2025-03-29 14:20:44,247,285,297,343,0.69,2
2025-03-29 14:20:44,467,276,489,321,0.58,3
2025-03-29 14:20:44,511,280,563,329,0.5,2
2025-03-29 14:20:44,375,321,442,359,0.5,2
2025-03-29 14:20:44,143,307,206,358,0.49,2
2025-03-29 14:20:44,316,246,375,305,0.3,2
2025-03-29 14:20:44,306,298,367,354,0.74,2
2025-03-29 14:20:44,398,276,448,325,0.71,2
2025-03-29 14:20:44,247,285,297,343,0.7,2
2025-03-29 14:20:44,467,276,489,321,0.69,3
2025-03-29 14:20:44,375,321,442,359,0.52,2
2025-03-29 14:20:44,512,280,563,329,0.52,2
2025-03-29 14:20:44,143,307,206,358,0.49,2
2025-03-29 14:20:44,316,246,375,304,0.34,2
2025-03-29 14:20:44,306,298,368,354,0.73,2
2025-03-29 14:20:44,398,276,448,325,0.72,2
2025-03-29 14:20:44,247,285,297,343,0.69,2
2025-03-29 14:20:44,467,277,489,320,0.63,3
2025-03-29 14:20:44,512,280,562,328,0.56,2
2025-03-29 14:20:44,375,321,442,359,0.53,2
2025-03-29 14:20:44,143,307,205,358,0.48,2
2025-03-29 14:20:44,317,246,375,304,0.38,2
2025-03-29 14:20:44,307,297,368,353,0.74,2
2025-03-29 14:20:44,398,276,448,325,0.7,2
2025-03-29 14:20:44,247,285,297,342,0.68,2
2025-03-29 14:20:44,467,278,489,320,0.64,3
2025-03-29 14:20:44,374,321,442,359,0.52,2
2025-03-29 14:20:44,511,279,562,328,0.51,2
2025-03-29 14:20:44,143,307,205,358,0.48,2
2025-03-29 14:20:44,317,246,375,304,0.37,2
2025-03-29 14:20:44,307,297,368,352,0.75,2
2025-03-29 14:20:44,398,275,448,324,0.71,2
2025-03-29 14:20:44,247,285,297,342,0.69,2
2025-03-29 14:20:44,467,277,489,320,0.65,3
2025-03-29 14:20:44,511,279,562,327,0.59,2
2025-03-29 14:20:44,374,320,442,359,0.56,2
2025-03-29 14:20:44,143,307,205,358,0.47,2
2025-03-29 14:20:44,317,246,375,304,0.41,2
2025-03-29 14:20:44,307,296,369,352,0.77,2
2025-03-29 14:20:44,398,275,448,324,0.7,2
2025-03-29 14:20:44,247,285,297,342,0.7,2
2025-03-29 14:20:44,467,276,488,319,0.62,3
2025-03-29 14:20:44,511,278,562,327,0.61,2
2025-03-29 14:20:44,375,320,442,359,0.58,2
2025-03-29 14:20:44,143,307,205,358,0.47,2
2025-03-29 14:20:44,317,245,375,303,0.39,2
2025-03-29 14:20:44,307,296,369,352,0.77,2
2025-03-29 14:20:44,247,285,297,341,0.69,2
2025-03-29 14:20:44,398,275,448,324,0.68,2
2025-03-29 14:20:44,511,278,562,327,0.6,2
2025-03-29 14:20:44,374,320,441,359,0.58,2
2025-03-29 14:20:44,467,276,488,319,0.54,3
2025-03-29 14:20:44,143,307,205,358,0.46,2
2025-03-29 14:20:44,317,246,375,304,0.38,2
2025-03-29 14:20:44,308,296,369,352,0.77,2
2025-03-29 14:20:44,247,285,297,342,0.7,2
2025-03-29 14:20:44,399,275,447,324,0.68,2
2025-03-29 14:20:44,374,320,441,359,0.61,2
2025-03-29 14:20:44,467,275,488,318,0.61,3
2025-03-29 14:20:44,510,278,561,326,0.56,2
2025-03-29 14:20:44,144,306,205,358,0.49,2
2025-03-29 14:20:44,317,246,375,304,0.36,2
2025-03-29 14:20:44,308,296,369,352,0.77,2
2025-03-29 14:20:44,247,284,297,341,0.71,2
2025-03-29 14:20:44,399,275,447,323,0.7,2
2025-03-29 14:20:44,467,275,488,318,0.66,3
2025-03-29 14:20:44,374,319,441,359,0.63,2
2025-03-29 14:20:44,511,277,561,326,0.58,2
2025-03-29 14:20:44,145,306,205,357,0.49,2
2025-03-29 14:20:44,318,246,375,303,0.34,2
2025-03-29 14:20:44,308,296,370,351,0.76,2
2025-03-29 14:20:44,399,275,448,323,0.71,2
2025-03-29 14:20:44,247,285,297,341,0.71,2
2025-03-29 14:20:44,373,319,441,358,0.64,2
2025-03-29 14:20:44,510,277,561,325,0.6,2
2025-03-29 14:20:44,467,274,488,317,0.6,3
2025-03-29 14:20:44,145,306,205,357,0.49,2
2025-03-29 14:20:44,318,245,376,303,0.37,2
2025-03-29 14:20:44,309,296,370,351,0.76,2
2025-03-29 14:20:44,399,275,448,323,0.7,2
2025-03-29 14:20:44,247,284,297,341,0.7,2
2025-03-29 14:20:44,373,319,440,358,0.66,2
2025-03-29 14:20:44,466,274,487,316,0.61,3
2025-03-29 14:20:44,510,276,560,325,0.57,2
2025-03-29 14:20:44,145,305,205,357,0.48,2
2025-03-29 14:20:44,318,245,376,303,0.34,2
2025-03-29 14:20:44,309,296,370,350,0.75,2
2025-03-29 14:20:44,399,275,448,323,0.74,2
2025-03-29 14:20:44,247,284,297,341,0.7,2
2025-03-29 14:20:44,373,319,440,358,0.67,2
2025-03-29 14:20:44,466,273,487,316,0.66,3
2025-03-29 14:20:44,509,276,560,325,0.62,2
2025-03-29 14:20:44,145,305,205,357,0.45,2
2025-03-29 14:20:44,319,244,375,303,0.33,2
2025-03-29 14:20:44,309,295,370,350,0.76,2
2025-03-29 14:20:44,399,274,448,323,0.75,2
2025-03-29 14:20:44,247,284,297,341,0.71,2
2025-03-29 14:20:44,373,318,440,358,0.67,2
2025-03-29 14:20:44,466,273,487,315,0.62,3
2025-03-29 14:20:44,509,275,560,324,0.57,2
2025-03-29 14:20:44,145,305,204,357,0.46,2
2025-03-29 14:20:44,319,245,376,302,0.32,2
2025-03-29 14:20:44,310,295,370,350,0.77,2
2025-03-29 14:20:44,400,274,448,322,0.74,2
2025-03-29 14:20:44,247,284,297,341,0.71,2
2025-03-29 14:20:44,373,318,441,358,0.67,2
2025-03-29 14:20:44,466,272,487,315,0.58,3
2025-03-29 14:20:44,509,274,559,324,0.57,2
2025-03-29 14:20:44,145,304,204,357,0.43,2
2025-03-29 14:20:44,319,244,375,302,0.26,2
2025-03-29 14:20:44,310,294,371,349,0.77,2
2025-03-29 14:20:44,400,274,448,322,0.7,2
2025-03-29 14:20:44,247,284,297,340,0.69,2
2025-03-29 14:20:44,373,317,441,358,0.68,2
2025-03-29 14:20:44,466,272,487,315,0.63,3
2025-03-29 14:20:44,508,274,559,324,0.55,2
2025-03-29 14:20:44,145,304,204,357,0.4,2
2025-03-29 14:20:44,550,325,635,359,0.3,2
2025-03-29 14:20:44,310,294,371,349,0.76,2
2025-03-29 14:20:44,247,284,297,340,0.68,2
2025-03-29 14:20:44,400,274,448,322,0.67,2
2025-03-29 14:20:44,372,317,440,358,0.67,2
2025-03-29 14:20:44,466,272,487,314,0.62,3
2025-03-29 14:20:44,508,273,558,323,0.51,2
2025-03-29 14:20:44,146,304,204,357,0.42,2
2025-03-29 14:20:44,549,324,634,359,0.26,2
2025-03-29 14:20:44,310,294,371,348,0.75,2
2025-03-29 14:20:44,247,284,297,340,0.68,2
2025-03-29 14:20:44,400,273,448,322,0.67,2
2025-03-29 14:20:44,372,316,440,358,0.65,2
2025-03-29 14:20:44,465,272,487,314,0.63,3
2025-03-29 14:20:44,508,273,558,323,0.54,2
2025-03-29 14:20:44,146,303,204,357,0.41,2
2025-03-29 14:20:44,549,323,633,359,0.26,2
2025-03-29 14:20:44,311,293,371,348,0.76,2
2025-03-29 14:20:44,400,273,448,321,0.68,2
2025-03-29 14:20:44,248,284,297,340,0.68,2
2025-03-29 14:20:44,372,316,440,358,0.66,2
2025-03-29 14:20:44,465,272,487,313,0.63,3
2025-03-29 14:20:44,508,273,558,322,0.53,2
2025-03-29 14:20:44,146,303,204,357,0.4,2
2025-03-29 14:20:44,311,293,371,348,0.77,2
2025-03-29 14:20:44,400,272,448,321,0.72,2
2025-03-29 14:20:44,465,272,486,312,0.71,3
2025-03-29 14:20:44,248,284,297,340,0.69,2
2025-03-29 14:20:44,372,316,440,358,0.66,2
2025-03-29 14:20:44,507,272,557,321,0.64,2
2025-03-29 14:20:44,146,303,204,357,0.45,2
2025-03-29 14:20:44,548,322,629,359,0.29,2
2025-03-29 14:20:44,320,242,375,300,0.27,2
2025-03-29 14:20:44,311,293,371,347,0.78,2
2025-03-29 14:20:44,465,271,486,312,0.73,3
2025-03-29 14:20:44,400,272,448,320,0.72,2
2025-03-29 14:20:44,248,284,298,340,0.7,2
2025-03-29 14:20:44,372,315,440,358,0.68,2
2025-03-29 14:20:44,507,271,557,320,0.64,2
2025-03-29 14:20:44,147,302,204,356,0.44,2
2025-03-29 14:20:44,320,242,375,300,0.32,2
2025-03-29 14:20:44,548,322,627,359,0.31,2
2025-03-29 14:20:44,311,293,372,347,0.78,2
2025-03-29 14:20:44,400,271,448,320,0.71,2
2025-03-29 14:20:44,248,284,298,340,0.7,2
2025-03-29 14:20:44,465,270,487,311,0.67,3
2025-03-29 14:20:44,372,315,440,358,0.67,2
2025-03-29 14:20:44,507,271,557,320,0.63,2
2025-03-29 14:20:44,147,302,204,356,0.51,2
2025-03-29 14:20:44,321,241,375,300,0.3,2
2025-03-29 14:20:44,547,321,626,359,0.3,2
2025-03-29 14:20:44,312,292,371,347,0.78,2
2025-03-29 14:20:44,400,271,448,319,0.71,2
2025-03-29 14:20:44,248,284,298,340,0.68,2
2025-03-29 14:20:44,372,315,440,358,0.67,2
2025-03-29 14:20:44,465,269,487,311,0.59,3
2025-03-29 14:20:44,506,270,557,319,0.59,2
2025-03-29 14:20:44,148,302,204,356,0.5,2
2025-03-29 14:20:44,547,320,624,359,0.34,2
2025-03-29 14:20:44,312,291,372,346,0.78,2
2025-03-29 14:20:44,400,270,448,319,0.71,2
2025-03-29 14:20:44,248,284,298,340,0.7,2
2025-03-29 14:20:44,372,315,440,358,0.64,2
2025-03-29 14:20:44,506,270,556,318,0.58,2
2025-03-29 14:20:44,466,269,487,310,0.52,3
2025-03-29 14:20:44,148,302,204,356,0.48,2
2025-03-29 14:20:44,546,320,624,359,0.27,2
2025-03-29 14:20:44,313,291,372,346,0.77,2
2025-03-29 14:20:44,248,284,298,340,0.71,2
2025-03-29 14:20:44,400,270,449,319,0.69,2
2025-03-29 14:20:44,371,315,439,358,0.64,2
2025-03-29 14:20:44,506,269,556,317,0.58,2
2025-03-29 14:20:44,148,302,204,355,0.49,2
2025-03-29 14:20:44,466,269,487,309,0.49,3
2025-03-29 14:20:44,461,339,535,359,0.26,2
2025-03-29 14:20:44,545,319,624,359,0.25,2
2025-03-29 14:20:44,313,291,372,346,0.77,2
2025-03-29 14:20:44,400,270,449,318,0.72,2
2025-03-29 14:20:44,248,283,298,339,0.7,2
2025-03-29 14:20:44,372,314,439,358,0.64,2
2025-03-29 14:20:44,506,269,556,316,0.59,2
2025-03-29 14:20:44,466,269,486,308,0.56,3
2025-03-29 14:20:44,148,302,204,355,0.56,2
2025-03-29 14:20:44,461,338,536,359,0.3,2
2025-03-29 14:20:44,545,319,627,359,0.28,2
2025-03-29 14:20:44,313,291,372,345,0.77,2
2025-03-29 14:20:44,401,269,449,318,0.73,2
2025-03-29 14:20:44,248,283,298,339,0.7,2
2025-03-29 14:20:44,372,314,439,358,0.65,2
2025-03-29 14:20:44,466,267,486,308,0.64,3
2025-03-29 14:20:44,506,269,556,315,0.6,2
2025-03-29 14:20:44,148,302,204,355,0.56,2
2025-03-29 14:20:44,461,337,536,359,0.34,2
2025-03-29 14:20:44,545,318,627,359,0.29,2
2025-03-29 14:20:44,313,291,373,344,0.76,2
2025-03-29 14:20:44,401,269,449,317,0.72,2
2025-03-29 14:20:44,248,283,298,339,0.68,2
2025-03-29 14:20:44,372,314,439,358,0.67,2
2025-03-29 14:20:44,466,266,486,307,0.66,3
2025-03-29 14:20:44,505,268,556,315,0.57,2
2025-03-29 14:20:44,148,302,204,355,0.55,2
2025-03-29 14:20:44,462,337,536,359,0.35,2
2025-03-29 14:20:44,544,318,628,358,0.29,2
2025-03-29 14:20:44,314,288,373,345,0.75,2
2025-03-29 14:20:44,401,269,449,317,0.69,2
2025-03-29 14:20:44,371,313,439,358,0.67,2
2025-03-29 14:20:44,248,283,298,339,0.65,2
2025-03-29 14:20:44,148,301,204,355,0.55,2
2025-03-29 14:20:44,466,266,486,307,0.52,3
2025-03-29 14:20:44,505,268,555,314,0.5,2
2025-03-29 14:20:44,462,337,536,359,0.39,2
2025-03-29 14:20:44,544,317,630,358,0.33,2
2025-03-29 14:20:44,314,288,373,344,0.74,2
2025-03-29 14:20:44,401,269,449,316,0.68,2
2025-03-29 14:20:44,248,283,298,339,0.66,2
2025-03-29 14:20:44,371,312,439,358,0.63,2
2025-03-29 14:20:44,148,301,204,355,0.57,2
2025-03-29 14:20:44,505,268,555,314,0.53,2
2025-03-29 14:20:44,466,267,486,307,0.52,3
2025-03-29 14:20:44,462,336,535,359,0.42,2
2025-03-29 14:20:44,544,316,626,358,0.33,2
2025-03-29 14:20:44,314,288,374,344,0.73,2
2025-03-29 14:20:44,401,268,450,316,0.71,2
2025-03-29 14:20:44,371,312,439,358,0.64,2
2025-03-29 14:20:44,505,267,555,313,0.63,2
2025-03-29 14:20:44,248,282,298,339,0.61,2
2025-03-29 14:20:44,149,301,204,354,0.57,2
2025-03-29 14:20:44,466,266,486,307,0.56,3
2025-03-29 14:20:44,462,335,535,359,0.4,2
2025-03-29 14:20:44,544,316,622,358,0.34,2
2025-03-29 14:20:44,402,268,450,316,0.73,2
2025-03-29 14:20:44,314,288,374,344,0.72,2
2025-03-29 14:20:44,504,267,554,312,0.65,2
2025-03-29 14:20:44,371,311,438,358,0.63,2
2025-03-29 14:20:44,248,282,298,338,0.59,2
2025-03-29 14:20:44,148,301,204,354,0.57,2
2025-03-29 14:20:44,466,266,486,306,0.44,3
2025-03-29 14:20:44,462,335,535,359,0.41,2
2025-03-29 14:20:44,543,315,629,358,0.33,2
2025-03-29 14:20:44,315,287,374,343,0.73,2
2025-03-29 14:20:44,402,268,450,315,0.73,2
2025-03-29 14:20:44,504,266,554,312,0.67,2
2025-03-29 14:20:44,371,311,438,358,0.63,2
2025-03-29 14:20:44,248,282,298,338,0.6,2
2025-03-29 14:20:44,149,301,204,354,0.56,2
2025-03-29 14:20:44,462,334,535,359,0.44,2
2025-03-29 14:20:44,466,266,486,305,0.43,3
2025-03-29 14:20:44,543,315,619,358,0.34,2
2025-03-29 14:20:44,315,287,375,344,0.72,2
2025-03-29 14:20:44,402,268,450,315,0.71,2
2025-03-29 14:20:44,371,311,438,358,0.63,2
2025-03-29 14:20:44,504,266,554,311,0.62,2
2025-03-29 14:20:44,248,282,298,338,0.62,2
2025-03-29 14:20:44,149,300,204,354,0.54,2
2025-03-29 14:20:44,466,266,486,305,0.44,3
2025-03-29 14:20:44,462,334,535,359,0.43,2
2025-03-29 14:20:44,543,315,618,358,0.31,2
2025-03-29 14:20:44,315,286,375,343,0.68,2
2025-03-29 14:20:44,402,267,450,315,0.64,2
2025-03-29 14:20:44,371,311,439,358,0.62,2
2025-03-29 14:20:44,248,282,299,338,0.59,2
2025-03-29 14:20:44,149,300,204,354,0.54,2
2025-03-29 14:20:44,504,266,554,311,0.53,2
2025-03-29 14:20:44,462,333,535,359,0.46,2
2025-03-29 14:20:44,466,264,485,304,0.42,3
2025-03-29 14:20:44,316,286,375,342,0.67,2
2025-03-29 14:20:44,371,311,439,358,0.65,2
2025-03-29 14:20:44,403,267,450,315,0.64,2
2025-03-29 14:20:44,248,282,299,338,0.6,2
2025-03-29 14:20:44,149,300,204,354,0.54,2
2025-03-29 14:20:44,462,332,535,359,0.48,2
2025-03-29 14:20:44,504,265,553,311,0.46,2
2025-03-29 14:20:44,466,264,485,303,0.43,3
2025-03-29 14:20:44,371,311,439,358,0.67,2
2025-03-29 14:20:44,317,285,375,342,0.66,2
2025-03-29 14:20:44,403,267,450,315,0.65,2
2025-03-29 14:20:44,248,282,299,338,0.61,2
2025-03-29 14:20:44,149,300,204,354,0.54,2
2025-03-29 14:20:44,462,332,534,359,0.48,2
2025-03-29 14:20:44,504,264,553,311,0.48,2
2025-03-29 14:20:44,466,264,485,302,0.35,3
2025-03-29 14:20:44,371,311,439,358,0.68,2
2025-03-29 14:20:44,403,267,450,314,0.66,2
2025-03-29 14:20:44,317,285,376,341,0.64,2
2025-03-29 14:20:44,150,300,204,353,0.61,2
2025-03-29 14:20:44,248,281,299,338,0.58,2
2025-03-29 14:20:44,504,264,553,310,0.53,2
2025-03-29 14:20:44,462,332,535,359,0.44,2
2025-03-29 14:20:44,465,262,486,302,0.35,3
2025-03-29 14:20:44,371,310,438,358,0.72,2
2025-03-29 14:20:44,403,268,451,314,0.69,2
2025-03-29 14:20:44,249,281,299,338,0.65,2
2025-03-29 14:20:44,317,284,375,340,0.62,2
2025-03-29 14:20:44,151,300,204,353,0.61,2
2025-03-29 14:20:44,504,263,553,310,0.55,2
2025-03-29 14:20:44,462,331,533,359,0.45,2
2025-03-29 14:20:44,466,261,486,301,0.31,3
2025-03-29 14:20:44,371,310,438,358,0.72,2
2025-03-29 14:20:44,404,268,451,314,0.7,2
2025-03-29 14:20:44,504,263,552,309,0.67,2
2025-03-29 14:20:44,249,281,299,338,0.65,2
2025-03-29 14:20:44,151,300,204,353,0.63,2
2025-03-29 14:20:44,318,283,376,340,0.62,2
2025-03-29 14:20:44,466,261,486,300,0.44,3
2025-03-29 14:20:44,462,331,534,359,0.42,2
2025-03-29 14:20:44,371,309,438,359,0.73,2
2025-03-29 14:20:44,404,268,451,314,0.72,2
2025-03-29 14:20:44,249,280,299,338,0.67,2
2025-03-29 14:20:44,504,262,552,309,0.63,2
2025-03-29 14:20:44,151,300,204,353,0.62,2
2025-03-29 14:20:44,318,283,376,339,0.62,2
2025-03-29 14:20:44,466,262,486,300,0.5,3
2025-03-29 14:20:44,462,330,534,359,0.45,2
2025-03-29 14:20:44,371,309,438,359,0.73,2
2025-03-29 14:20:44,405,267,451,313,0.72,2
2025-03-29 14:20:44,249,280,299,338,0.66,2
2025-03-29 14:20:44,151,300,204,353,0.6,2
2025-03-29 14:20:44,504,262,552,308,0.59,2
2025-03-29 14:20:44,318,283,376,339,0.59,2
2025-03-29 14:20:44,466,260,486,299,0.5,3
2025-03-29 14:20:44,462,329,534,359,0.46,2
2025-03-29 14:20:44,371,308,438,359,0.72,2
2025-03-29 14:20:44,405,267,452,313,0.72,2
2025-03-29 14:20:44,249,280,299,338,0.68,2
2025-03-29 14:20:44,151,300,205,352,0.61,2
2025-03-29 14:20:44,319,282,376,339,0.61,2
2025-03-29 14:20:44,466,259,486,298,0.59,3
2025-03-29 14:20:44,504,261,552,308,0.58,2
2025-03-29 14:20:44,462,328,533,359,0.47,2
2025-03-29 14:20:44,405,266,452,313,0.74,2
2025-03-29 14:20:44,371,308,438,359,0.71,2
2025-03-29 14:20:44,249,279,299,338,0.68,2
2025-03-29 14:20:44,152,300,204,352,0.63,2
2025-03-29 14:20:44,319,283,376,339,0.62,2
2025-03-29 14:20:44,466,258,486,298,0.57,3
2025-03-29 14:20:44,462,327,532,359,0.49,2
2025-03-29 14:20:44,503,261,552,307,0.47,2
2025-03-29 14:20:44,405,266,452,313,0.74,2
2025-03-29 14:20:44,371,308,437,359,0.7,2
2025-03-29 14:20:44,249,279,300,337,0.68,2
2025-03-29 14:20:44,152,300,204,352,0.62,2
2025-03-29 14:20:44,319,283,376,338,0.59,2
2025-03-29 14:20:44,466,258,486,298,0.55,3
2025-03-29 14:20:44,463,326,533,359,0.52,2
2025-03-29 14:20:44,503,260,551,307,0.42,2
2025-03-29 14:20:44,405,266,452,313,0.75,2
2025-03-29 14:20:44,371,307,437,359,0.71,2
2025-03-29 14:20:44,249,279,300,337,0.7,2
2025-03-29 14:20:44,152,299,205,352,0.62,2
2025-03-29 14:20:44,320,283,375,338,0.6,2
2025-03-29 14:20:44,466,258,486,297,0.57,3
2025-03-29 14:20:44,462,326,531,359,0.5,2
2025-03-29 14:20:44,502,260,551,307,0.46,2
2025-03-29 14:20:44,405,266,452,312,0.74,2
2025-03-29 14:20:44,250,278,300,337,0.7,2
2025-03-29 14:20:44,371,306,437,359,0.69,2
2025-03-29 14:20:44,152,299,205,352,0.61,2
2025-03-29 14:20:44,320,283,376,338,0.54,2
2025-03-29 14:20:44,463,325,532,359,0.53,2
2025-03-29 14:20:44,467,258,486,297,0.52,3
2025-03-29 14:20:44,502,259,551,307,0.36,2
2025-03-29 14:20:44,406,266,453,312,0.73,2
2025-03-29 14:20:44,250,278,300,337,0.69,2
2025-03-29 14:20:44,371,306,437,359,0.68,2
2025-03-29 14:20:44,152,299,205,352,0.56,2
2025-03-29 14:20:44,463,324,532,359,0.56,2
2025-03-29 14:20:44,321,283,376,337,0.54,2
2025-03-29 14:20:44,467,258,486,296,0.46,3
2025-03-29 14:20:44,502,259,551,306,0.38,2
2025-03-29 14:20:44,406,265,453,312,0.74,2
2025-03-29 14:20:44,371,306,436,359,0.7,2
2025-03-29 14:20:44,250,277,300,337,0.7,2
2025-03-29 14:20:44,152,299,205,352,0.59,2
2025-03-29 14:20:44,463,323,531,359,0.56,2
2025-03-29 14:20:44,321,283,376,337,0.54,2
2025-03-29 14:20:44,466,258,486,295,0.54,3
2025-03-29 14:20:44,502,259,551,306,0.49,2
2025-03-29 14:20:44,406,265,453,311,0.78,2
2025-03-29 14:20:44,371,305,436,359,0.71,2
2025-03-29 14:20:44,250,277,300,337,0.68,2
2025-03-29 14:20:44,462,322,529,359,0.6,2
2025-03-29 14:20:44,152,299,205,352,0.57,2
2025-03-29 14:20:44,501,258,550,305,0.55,2
2025-03-29 14:20:44,321,282,376,336,0.55,2
2025-03-29 14:20:44,467,258,486,294,0.53,3
2025-03-29 14:20:44,406,265,453,311,0.75,2
2025-03-29 14:20:44,371,305,436,359,0.7,2
2025-03-29 14:20:44,250,277,300,336,0.66,2
2025-03-29 14:20:44,462,322,529,359,0.61,2
2025-03-29 14:20:44,152,299,205,352,0.56,2
2025-03-29 14:20:44,467,257,485,294,0.55,3
2025-03-29 14:20:44,322,282,376,337,0.53,2
2025-03-29 14:20:44,501,258,550,305,0.53,2
2025-03-29 14:20:44,407,264,453,311,0.78,2
2025-03-29 14:20:44,371,304,436,359,0.71,2
2025-03-29 14:20:44,250,277,301,336,0.64,2
2025-03-29 14:20:44,462,322,527,359,0.63,2
2025-03-29 14:20:44,152,299,205,352,0.54,2
2025-03-29 14:20:44,501,258,550,304,0.53,2
2025-03-29 14:20:44,322,282,376,336,0.51,2
2025-03-29 14:20:44,467,256,486,293,0.48,3
2025-03-29 14:20:44,407,264,454,310,0.78,2
2025-03-29 14:20:44,371,304,436,359,0.69,2
2025-03-29 14:20:44,462,321,526,359,0.61,2
2025-03-29 14:20:44,250,277,301,336,0.58,2
2025-03-29 14:20:44,152,299,205,352,0.52,2
2025-03-29 14:20:44,500,257,549,304,0.51,2
2025-03-29 14:20:44,322,282,376,335,0.51,2
2025-03-29 14:20:44,467,255,486,292,0.31,3
2025-03-29 14:20:44,407,264,453,310,0.81,2
2025-03-29 14:20:44,371,303,436,359,0.69,2
2025-03-29 14:20:44,463,321,527,359,0.65,2
2025-03-29 14:20:44,500,257,549,303,0.63,2
2025-03-29 14:20:44,250,277,301,336,0.6,2
2025-03-29 14:20:44,323,282,377,334,0.52,2
2025-03-29 14:20:44,152,299,205,351,0.5,2
2025-03-29 14:20:44,467,255,486,292,0.38,3
2025-03-29 14:20:44,407,264,454,309,0.82,2
2025-03-29 14:20:44,371,303,435,359,0.68,2
2025-03-29 14:20:44,462,320,524,359,0.66,2
2025-03-29 14:20:44,500,256,548,302,0.62,2
2025-03-29 14:20:44,250,277,301,336,0.55,2
2025-03-29 14:20:44,323,280,377,334,0.51,2
2025-03-29 14:20:44,153,299,205,351,0.48,2
2025-03-29 14:20:44,467,254,486,291,0.42,3
2025-03-29 14:20:44,408,263,454,309,0.82,2
2025-03-29 14:20:44,371,303,435,359,0.69,2
2025-03-29 14:20:44,499,256,548,301,0.67,2
2025-03-29 14:20:44,463,320,524,359,0.66,2
2025-03-29 14:20:44,250,277,301,335,0.56,2
2025-03-29 14:20:44,323,280,377,333,0.54,2
2025-03-29 14:20:44,467,254,486,291,0.44,3
2025-03-29 14:20:44,153,298,205,351,0.44,2
2025-03-29 14:20:44,408,263,454,309,0.82,2
2025-03-29 14:20:44,371,303,435,359,0.69,2
2025-03-29 14:20:44,462,319,525,359,0.66,2
2025-03-29 14:20:44,499,255,548,301,0.66,2
2025-03-29 14:20:44,250,277,301,335,0.57,2
2025-03-29 14:20:44,323,280,377,332,0.55,2
2025-03-29 14:20:44,153,298,205,351,0.43,2
2025-03-29 14:20:44,467,253,486,290,0.42,3
2025-03-29 14:20:44,408,263,454,309,0.8,2
2025-03-29 14:20:44,371,303,435,359,0.68,2
2025-03-29 14:20:44,462,319,525,359,0.64,2
2025-03-29 14:20:44,499,255,548,300,0.62,2
2025-03-29 14:20:44,251,277,301,335,0.55,2
2025-03-29 14:20:44,323,280,377,332,0.55,2
2025-03-29 14:20:44,153,298,205,351,0.43,2
2025-03-29 14:20:44,467,253,486,290,0.29,3
2025-03-29 14:20:44,408,262,454,309,0.79,2
2025-03-29 14:20:44,371,302,435,359,0.71,2
2025-03-29 14:20:44,462,318,525,359,0.63,2
2025-03-29 14:20:44,499,255,548,300,0.61,2
2025-03-29 14:20:44,251,277,301,335,0.56,2
2025-03-29 14:20:44,324,280,377,332,0.55,2
2025-03-29 14:20:44,153,298,205,351,0.4,2
2025-03-29 14:20:44,408,262,454,309,0.79,2
2025-03-29 14:20:44,371,302,435,359,0.72,2
2025-03-29 14:20:44,462,318,523,359,0.63,2
2025-03-29 14:20:44,251,277,301,335,0.58,2
2025-03-29 14:20:44,498,254,547,299,0.52,2
2025-03-29 14:20:44,324,280,377,331,0.51,2
2025-03-29 14:20:44,153,299,205,351,0.4,2
2025-03-29 14:20:44,408,262,454,308,0.79,2
2025-03-29 14:20:44,371,302,435,359,0.71,2
2025-03-29 14:20:44,462,317,523,359,0.67,2
2025-03-29 14:20:44,498,254,547,299,0.55,2
2025-03-29 14:20:44,251,277,302,334,0.52,2
2025-03-29 14:20:44,325,280,377,331,0.43,2
2025-03-29 14:20:44,153,298,205,351,0.37,2
2025-03-29 14:20:44,408,261,454,308,0.79,2
2025-03-29 14:20:44,371,302,435,359,0.71,2
2025-03-29 14:20:44,462,317,522,359,0.69,2
2025-03-29 14:20:44,498,254,547,298,0.56,2
2025-03-29 14:20:44,251,277,302,334,0.53,2
2025-03-29 14:20:44,325,280,377,329,0.39,2
2025-03-29 14:20:44,153,298,206,351,0.36,2
2025-03-29 14:20:44,408,261,455,308,0.79,2
2025-03-29 14:20:44,461,316,521,359,0.69,2
2025-03-29 14:20:44,370,301,434,359,0.68,2
2025-03-29 14:20:44,497,254,546,298,0.47,2
2025-03-29 14:20:44,251,276,302,334,0.47,2
2025-03-29 14:20:44,153,298,206,351,0.36,2
2025-03-29 14:20:44,325,278,377,329,0.3,2
2025-03-29 14:20:44,409,261,455,307,0.8,2
2025-03-29 14:20:44,370,301,434,359,0.69,2
2025-03-29 14:20:44,461,316,521,359,0.69,2
2025-03-29 14:20:44,497,253,545,297,0.46,2
2025-03-29 14:20:44,251,276,302,334,0.44,2
2025-03-29 14:20:44,153,298,206,351,0.36,2
2025-03-29 14:20:44,325,278,378,329,0.32,2
2025-03-29 14:20:44,409,260,456,307,0.79,2
2025-03-29 14:20:44,370,301,434,359,0.71,2
2025-03-29 14:20:44,462,315,520,359,0.69,2
2025-03-29 14:20:44,496,253,545,297,0.48,2
2025-03-29 14:20:44,251,276,302,334,0.46,2
2025-03-29 14:20:44,153,298,206,351,0.34,2
2025-03-29 14:20:44,325,277,377,328,0.33,2
2025-03-29 14:20:44,409,260,456,307,0.79,2
2025-03-29 14:20:44,370,300,433,359,0.7,2
2025-03-29 14:20:44,461,315,520,359,0.67,2
2025-03-29 14:20:44,496,252,544,296,0.5,2
2025-03-29 14:20:44,251,276,302,334,0.44,2
2025-03-29 14:20:44,153,298,206,350,0.35,2
2025-03-29 14:20:44,325,276,377,328,0.29,2
2025-03-29 14:20:44,409,260,456,306,0.77,2
2025-03-29 14:20:44,369,300,433,359,0.72,2
2025-03-29 14:20:44,461,315,518,359,0.65,2
2025-03-29 14:20:44,496,252,544,296,0.49,2
2025-03-29 14:20:44,251,276,302,334,0.45,2
2025-03-29 14:20:44,153,298,206,350,0.31,2
2025-03-29 14:20:44,326,275,377,328,0.31,2
2025-03-29 14:20:44,410,260,456,306,0.77,2
2025-03-29 14:20:44,369,300,433,358,0.72,2
2025-03-29 14:20:44,461,314,517,359,0.64,2
2025-03-29 14:20:44,496,252,544,295,0.51,2
2025-03-29 14:20:44,251,276,302,333,0.43,2
2025-03-29 14:20:44,154,298,206,350,0.31,2
2025-03-29 14:20:44,326,275,378,328,0.29,2
2025-03-29 14:20:44,410,260,456,306,0.76,2
2025-03-29 14:20:44,369,300,433,358,0.71,2
2025-03-29 14:20:44,461,313,516,358,0.63,2
2025-03-29 14:20:44,495,252,543,295,0.54,2
2025-03-29 14:20:44,251,276,302,333,0.45,2
2025-03-29 14:20:44,326,276,378,327,0.33,2
2025-03-29 14:20:44,154,298,206,350,0.3,2
2025-03-29 14:20:44,410,260,456,306,0.74,2
2025-03-29 14:20:44,369,299,433,358,0.72,2
2025-03-29 14:20:44,461,313,516,358,0.59,2
2025-03-29 14:20:44,495,251,543,294,0.52,2
2025-03-29 14:20:44,251,276,302,333,0.47,2
2025-03-29 14:20:44,326,275,377,327,0.33,2
2025-03-29 14:20:44,153,298,206,350,0.3,2
2025-03-29 14:20:44,410,259,456,305,0.72,2
2025-03-29 14:20:44,369,299,433,358,0.71,2
2025-03-29 14:20:44,461,312,515,358,0.58,2
2025-03-29 14:20:44,495,251,543,294,0.46,2
2025-03-29 14:20:44,251,276,302,333,0.43,2
2025-03-29 14:20:44,326,275,378,327,0.31,2
2025-03-29 14:20:44,154,298,207,350,0.31,2
2025-03-29 14:20:44,410,259,456,305,0.74,2
2025-03-29 14:20:44,369,299,433,358,0.73,2
2025-03-29 14:20:44,461,311,515,358,0.57,2
2025-03-29 14:20:44,495,251,542,294,0.5,2
2025-03-29 14:20:44,251,276,302,333,0.43,2
2025-03-29 14:20:44,327,275,378,327,0.32,2
2025-03-29 14:20:44,154,297,207,350,0.3,2
2025-03-29 14:20:44,411,259,456,304,0.71,2
2025-03-29 14:20:44,369,299,432,358,0.67,2
2025-03-29 14:20:44,461,311,514,359,0.5,2
2025-03-29 14:20:44,495,251,542,293,0.41,2
2025-03-29 14:20:44,154,297,207,350,0.32,2
2025-03-29 14:20:44,251,276,302,333,0.29,2
2025-03-29 14:20:44,327,275,378,326,0.27,2
2025-03-29 14:20:44,369,299,433,357,0.68,2
2025-03-29 14:20:44,410,258,457,303,0.66,2
2025-03-29 14:20:44,461,311,514,358,0.5,2
2025-03-29 14:20:44,495,250,542,293,0.4,2
2025-03-29 14:20:44,251,276,303,333,0.32,2
2025-03-29 14:20:44,154,297,207,350,0.3,2
2025-03-29 14:20:44,327,274,378,326,0.3,2
2025-03-29 14:20:44,369,298,432,357,0.67,2
2025-03-29 14:20:44,410,257,457,302,0.66,2
2025-03-29 14:20:44,460,310,514,358,0.5,2
2025-03-29 14:20:44,494,250,541,292,0.45,2
2025-03-29 14:20:44,251,276,303,333,0.36,2
2025-03-29 14:20:44,154,297,207,350,0.32,2
2025-03-29 14:20:44,327,273,378,326,0.27,2
2025-03-29 14:20:44,369,297,432,357,0.68,2
2025-03-29 14:20:44,410,256,457,302,0.64,2
2025-03-29 14:20:44,460,309,514,358,0.51,2
2025-03-29 14:20:44,494,250,541,292,0.49,2
2025-03-29 14:20:44,251,276,303,333,0.38,2
2025-03-29 14:20:44,154,297,207,350,0.34,2
2025-03-29 14:20:44,328,273,378,326,0.3,2
2025-03-29 14:20:44,566,320,639,358,0.26,2
2025-03-29 14:20:44,369,297,432,357,0.68,2
2025-03-29 14:20:44,411,255,457,301,0.63,2
2025-03-29 14:20:44,460,309,513,358,0.53,2
2025-03-29 14:20:44,494,249,541,292,0.51,2
2025-03-29 14:20:44,252,276,303,333,0.36,2
2025-03-29 14:20:44,154,297,207,350,0.32,2
2025-03-29 14:20:44,566,320,639,358,0.29,2
2025-03-29 14:20:44,328,272,378,325,0.27,2
2025-03-29 14:20:44,369,297,432,356,0.71,2
2025-03-29 14:20:44,411,254,457,301,0.54,2
2025-03-29 14:20:44,494,249,540,292,0.49,2
2025-03-29 14:20:44,460,308,513,358,0.43,2
2025-03-29 14:20:44,154,297,207,350,0.32,2
2025-03-29 14:20:44,566,319,639,358,0.31,2
2025-03-29 14:20:44,250,268,304,332,0.31,2
2025-03-29 14:20:44,328,272,378,325,0.27,2
2025-03-29 14:20:44,369,296,432,356,0.67,2
2025-03-29 14:20:44,493,248,540,292,0.43,2
2025-03-29 14:20:44,565,318,639,358,0.43,2
2025-03-29 14:20:44,412,254,457,300,0.42,2
2025-03-29 14:20:44,459,307,513,358,0.34,2
2025-03-29 14:20:44,250,269,304,332,0.3,2
2025-03-29 14:20:44,154,296,207,350,0.29,2
2025-03-29 14:20:44,328,271,377,324,0.27,2
2025-03-29 14:20:44,369,296,432,355,0.67,2
2025-03-29 14:20:44,493,248,539,291,0.47,2
2025-03-29 14:20:44,413,254,457,300,0.46,2
2025-03-29 14:20:44,565,318,639,358,0.45,2
2025-03-29 14:20:44,459,307,513,358,0.32,2
2025-03-29 14:20:44,250,274,303,332,0.31,2
2025-03-29 14:20:44,154,296,207,350,0.3,2
2025-03-29 14:20:44,369,296,432,355,0.68,2
2025-03-29 14:20:44,493,247,539,291,0.53,2
2025-03-29 14:20:44,413,254,458,300,0.49,2
2025-03-29 14:20:44,564,316,638,358,0.43,2
2025-03-29 14:20:44,155,297,207,350,0.34,2
2025-03-29 14:20:44,250,273,303,332,0.31,2
2025-03-29 14:20:44,459,306,513,357,0.3,2
2025-03-29 14:20:44,369,296,432,355,0.71,2
2025-03-29 14:20:44,413,255,458,299,0.57,2
2025-03-29 14:20:44,492,247,539,291,0.56,2
2025-03-29 14:20:44,563,316,638,358,0.44,2
2025-03-29 14:20:44,459,305,512,357,0.34,2
2025-03-29 14:20:44,155,297,207,350,0.29,2
2025-03-29 14:20:44,250,257,304,332,0.27,2
2025-03-29 14:20:44,369,295,431,355,0.73,2
2025-03-29 14:20:44,413,255,458,299,0.59,2
2025-03-29 14:20:44,492,246,538,290,0.5,2
2025-03-29 14:20:44,564,315,638,358,0.49,2
2025-03-29 14:20:44,459,304,512,357,0.35,2
2025-03-29 14:20:44,155,296,207,349,0.32,2
2025-03-29 14:20:44,251,272,303,332,0.29,2
2025-03-29 14:20:44,369,295,431,355,0.7,2
2025-03-29 14:20:44,413,255,458,299,0.61,2
2025-03-29 14:20:44,492,246,538,290,0.47,2
2025-03-29 14:20:44,563,314,638,358,0.46,2
2025-03-29 14:20:44,155,296,207,349,0.32,2
2025-03-29 14:20:44,459,304,512,357,0.31,2
2025-03-29 14:20:44,251,267,304,332,0.28,2
2025-03-29 14:20:44,369,295,431,355,0.72,2
2025-03-29 14:20:44,414,254,458,299,0.59,2
2025-03-29 14:20:44,492,246,537,289,0.47,2
2025-03-29 14:20:44,563,314,638,358,0.43,2
2025-03-29 14:20:44,459,303,512,356,0.35,2
2025-03-29 14:20:44,251,276,303,332,0.32,2
2025-03-29 14:20:44,154,295,207,349,0.29,2
2025-03-29 14:20:44,368,294,431,354,0.72,2
2025-03-29 14:20:44,414,254,458,298,0.58,2
2025-03-29 14:20:44,491,245,537,289,0.51,2
2025-03-29 14:20:44,563,314,638,358,0.44,2
2025-03-29 14:20:44,459,302,511,355,0.34,2
2025-03-29 14:20:44,154,295,207,349,0.32,2
2025-03-29 14:20:44,251,269,304,332,0.27,2
2025-03-29 14:20:44,574,222,611,259,0.25,2
2025-03-29 14:20:44,368,294,431,354,0.73,2
2025-03-29 14:20:44,414,254,458,297,0.58,2
2025-03-29 14:20:44,491,245,537,288,0.54,2
2025-03-29 14:20:44,562,313,637,358,0.48,2
2025-03-29 14:20:44,458,301,511,353,0.41,2
2025-03-29 14:20:44,154,295,207,349,0.34,2
2025-03-29 14:20:44,251,268,304,332,0.28,2
2025-03-29 14:20:44,368,294,431,354,0.75,2
2025-03-29 14:20:44,414,253,458,296,0.55,2
2025-03-29 14:20:44,491,245,537,288,0.49,2
2025-03-29 14:20:44,562,312,637,358,0.45,2
2025-03-29 14:20:44,458,301,510,352,0.37,2
2025-03-29 14:20:44,155,296,207,349,0.34,2
2025-03-29 14:20:44,251,273,304,332,0.29,2
